,predictions,gold_labels
0,0.30362769961357117,0.5
0,0.3854135274887085,0.5
0,0.9435254335403442,0.949999988079071
0,0.20955036580562592,0.5
0,0.9606931209564209,0.949999988079071
0,0.4246532917022705,0.5
0,0.36434924602508545,0.949999988079071
0,0.8310006260871887,0.5
0,0.9174569249153137,0.949999988079071
0,0.1486208587884903,0.5
0,0.8063717484474182,0.5
0,0.9388367533683777,0.949999988079071
0,0.17885467410087585,0.5
0,0.9573909640312195,0.949999988079071
0,0.25627484917640686,0.5
0,0.9452863335609436,0.949999988079071
0,0.25383326411247253,0.05000000074505806
0,0.9418820738792419,0.949999988079071
0,0.3970142900943756,0.5
0,0.39831599593162537,0.5
0,0.2937923073768616,0.5
0,0.2810435891151428,0.05000000074505806
0,0.35638999938964844,0.5
0,0.32043054699897766,0.5
0,0.3988984525203705,0.5
0,0.9371592402458191,0.949999988079071
0,0.5332483053207397,0.949999988079071
0,0.31268584728240967,0.5
0,0.29953140020370483,0.5
0,0.28513437509536743,0.05000000074505806
0,0.23419353365898132,0.05000000074505806
0,0.3119683265686035,0.05000000074505806
0,0.9477400183677673,0.949999988079071
0,0.9349617958068848,0.949999988079071
0,0.9069188833236694,0.949999988079071
0,0.24851176142692566,0.5
0,0.507896900177002,0.5
0,0.40207791328430176,0.05000000074505806
0,0.40408775210380554,0.5
0,0.27729398012161255,0.5
0,0.2402287721633911,0.05000000074505806
0,0.17319394648075104,0.05000000074505806
0,0.3849988579750061,0.5
0,0.9322159886360168,0.949999988079071
0,0.924750804901123,0.949999988079071
0,0.9358029961585999,0.949999988079071
0,0.5946508646011353,0.5
0,0.8628718256950378,0.949999988079071
0,0.16073258221149445,0.5
0,0.9627648591995239,0.949999988079071
0,0.323129266500473,0.5
0,0.38825592398643494,0.5
0,0.23733098804950714,0.05000000074505806
0,0.4772002696990967,0.949999988079071
0,0.9397427439689636,0.949999988079071
0,0.12464309483766556,0.05000000074505806
0,0.9385485649108887,0.949999988079071
0,0.2507249712944031,0.5
0,0.6869705319404602,0.949999988079071
0,0.4471510946750641,0.949999988079071
0,0.331556499004364,0.05000000074505806
0,0.42882171273231506,0.5
0,0.3604983687400818,0.949999988079071
0,0.9418264627456665,0.949999988079071
0,0.2069370448589325,0.05000000074505806
0,0.9622653722763062,0.949999988079071
0,0.9486501812934875,0.949999988079071
0,0.2231437712907791,0.05000000074505806
0,0.9306151866912842,0.949999988079071
0,0.3478442132472992,0.5
0,0.16507941484451294,0.5
0,0.8088515400886536,0.949999988079071
0,0.20174051821231842,0.05000000074505806
0,0.9599085450172424,0.949999988079071
0,0.1835681051015854,0.05000000074505806
0,0.23497304320335388,0.05000000074505806
0,0.2507930397987366,0.5
0,0.3744634687900543,0.5
0,0.3666768968105316,0.5
0,0.39070504903793335,0.5
0,0.8811389803886414,0.949999988079071
0,0.13702809810638428,0.05000000074505806
0,0.7670706510543823,0.949999988079071
0,0.4029194712638855,0.5
0,0.3702622056007385,0.5
0,0.704171359539032,0.949999988079071
0,0.2202141284942627,0.5
0,0.86348557472229,0.949999988079071
0,0.8397020101547241,0.949999988079071
0,0.2465400993824005,0.05000000074505806
0,0.23628246784210205,0.5
0,0.2890409529209137,0.5
0,0.9430024027824402,0.949999988079071
0,0.2575610280036926,0.5
0,0.9532450437545776,0.949999988079071
0,0.4070749878883362,0.5
0,0.20382297039031982,0.05000000074505806
0,0.29476267099380493,0.5
0,0.6275588274002075,0.5
0,0.0932745710015297,0.05000000074505806
0,0.32978782057762146,0.5
0,0.20223532617092133,0.05000000074505806
0,0.7253432869911194,0.949999988079071
0,0.9486809372901917,0.949999988079071
0,0.3466469347476959,0.5
0,0.24726489186286926,0.05000000074505806
0,0.34338322281837463,0.05000000074505806
0,0.9090161919593811,0.949999988079071
0,0.5045472979545593,0.949999988079071
0,0.3286795914173126,0.05000000074505806
0,0.3096603453159332,0.5
0,0.5058882832527161,0.5
0,0.39468246698379517,0.5
0,0.2263995110988617,0.5
0,0.9400671124458313,0.949999988079071
0,0.16043579578399658,0.05000000074505806
0,0.2532702088356018,0.05000000074505806
0,0.9351010322570801,0.949999988079071
0,0.2344367355108261,0.05000000074505806
0,0.9264190793037415,0.949999988079071
0,0.9620136618614197,0.949999988079071
0,0.24347761273384094,0.5
0,0.9470080733299255,0.949999988079071
0,0.2961410582065582,0.5
0,0.9615675806999207,0.949999988079071
0,0.3288089334964752,0.5
0,0.9267143607139587,0.949999988079071
0,0.1889842003583908,0.05000000074505806
0,0.4572749435901642,0.5
0,0.8623553514480591,0.949999988079071
0,0.32163816690444946,0.5
0,0.05296056717634201,0.05000000074505806
0,0.8567944765090942,0.949999988079071
0,0.2410203516483307,0.05000000074505806
0,0.30700063705444336,0.05000000074505806
0,0.25742289423942566,0.5
0,0.9255868792533875,0.949999988079071
0,0.24796079099178314,0.5
0,0.5733287334442139,0.5
0,0.27319982647895813,0.5
0,0.9639015793800354,0.949999988079071
0,0.26030445098876953,0.5
0,0.9021657705307007,0.949999988079071
0,0.3444918990135193,0.5
0,0.2735307216644287,0.5
0,0.22218535840511322,0.5
0,0.37912482023239136,0.5
0,0.24516217410564423,0.5
0,0.9257392883300781,0.949999988079071
0,0.41805848479270935,0.5
0,0.9515861868858337,0.949999988079071
0,0.31291335821151733,0.5
0,0.22073620557785034,0.05000000074505806
0,0.9304651021957397,0.949999988079071
0,0.9475315809249878,0.949999988079071
0,0.9181506633758545,0.949999988079071
0,0.3127196729183197,0.5
0,0.14910787343978882,0.05000000074505806
0,0.9391186833381653,0.949999988079071
0,0.8999121785163879,0.949999988079071
0,0.36194443702697754,0.5
0,0.9606335163116455,0.949999988079071
0,0.23076878488063812,0.5
0,0.26808351278305054,0.5
0,0.9277429580688477,0.949999988079071
0,0.3841490149497986,0.5
0,0.9342525601387024,0.949999988079071
0,0.255443274974823,0.05000000074505806
0,0.2190490961074829,0.5
0,0.30043649673461914,0.5
0,0.9571443200111389,0.949999988079071
0,0.3229103088378906,0.5
0,0.3494787812232971,0.5
0,0.9577026963233948,0.949999988079071
0,0.9497974514961243,0.949999988079071
0,0.9586607813835144,0.949999988079071
0,0.9400832056999207,0.949999988079071
0,0.28511232137680054,0.5
0,0.12731993198394775,0.5
0,0.34212225675582886,0.5
0,0.2633676528930664,0.05000000074505806
0,0.3462308943271637,0.5
0,0.3397829532623291,0.5
0,0.9593833088874817,0.949999988079071
0,0.45244356989860535,0.5
0,0.3018621802330017,0.5
0,0.752109944820404,0.5
0,0.25265592336654663,0.05000000074505806
0,0.13391496241092682,0.05000000074505806
0,0.33866697549819946,0.05000000074505806
0,0.9280904531478882,0.949999988079071
0,0.9147005677223206,0.949999988079071
0,0.23972837626934052,0.5
0,0.9425382018089294,0.949999988079071
0,0.9567071199417114,0.949999988079071
0,0.9616857767105103,0.949999988079071
0,0.923956573009491,0.949999988079071
0,0.4405183792114258,0.5
0,0.2744327783584595,0.5
0,0.9144240617752075,0.949999988079071
0,0.3587948679924011,0.5
0,0.29194530844688416,0.5
0,0.2428329586982727,0.05000000074505806
0,0.9456028342247009,0.949999988079071
0,0.9586487412452698,0.949999988079071
0,0.9392678737640381,0.949999988079071
0,0.28203892707824707,0.05000000074505806
0,0.21779640018939972,0.05000000074505806
0,0.2708207070827484,0.5
0,0.9118295907974243,0.949999988079071
0,0.2970569133758545,0.5
0,0.25554004311561584,0.5
0,0.9526456594467163,0.949999988079071
0,0.4051207900047302,0.5
0,0.9497284889221191,0.949999988079071
0,0.23092445731163025,0.05000000074505806
0,0.3321551978588104,0.05000000074505806
0,0.9290311932563782,0.949999988079071
0,0.29508599638938904,0.5
0,0.2676348388195038,0.5
0,0.214375838637352,0.05000000074505806
0,0.9660079479217529,0.949999988079071
0,0.37630847096443176,0.5
0,0.5494294166564941,0.5
0,0.9661738276481628,0.949999988079071
0,0.3166860342025757,0.5
0,0.900939404964447,0.949999988079071
0,0.4281310439109802,0.5
0,0.2656295597553253,0.5
0,0.06963971257209778,0.05000000074505806
0,0.9431845545768738,0.949999988079071
0,0.9540550112724304,0.949999988079071
0,0.9469238519668579,0.949999988079071
0,0.9604899287223816,0.949999988079071
0,0.9620136618614197,0.949999988079071
0,0.954939067363739,0.949999988079071
0,0.26636797189712524,0.05000000074505806
0,0.23685568571090698,0.5
0,0.9505601525306702,0.949999988079071
0,0.8354207277297974,0.949999988079071
0,0.9055854082107544,0.949999988079071
0,0.28484129905700684,0.5
0,0.18821854889392853,0.5
0,0.31232383847236633,0.05000000074505806
0,0.9584805369377136,0.949999988079071
0,0.579174280166626,0.5
0,0.1556723415851593,0.5
0,0.2736154794692993,0.05000000074505806
0,0.31196704506874084,0.5
0,0.9480066895484924,0.949999988079071
0,0.23415151238441467,0.5
0,0.33558616042137146,0.5
0,0.9136680960655212,0.949999988079071
0,0.26673340797424316,0.5
0,0.32166221737861633,0.5
0,0.3699154555797577,0.05000000074505806
0,0.0841730460524559,0.05000000074505806
0,0.22761374711990356,0.05000000074505806
0,0.7148298621177673,0.5
0,0.9298014044761658,0.949999988079071
0,0.9509838819503784,0.949999988079071
0,0.25786763429641724,0.05000000074505806
0,0.3211706280708313,0.5
0,0.29948753118515015,0.5
0,0.9214178919792175,0.949999988079071
0,0.9544659852981567,0.949999988079071
0,0.2914893329143524,0.5
0,0.18109816312789917,0.949999988079071
0,0.3548646867275238,0.5
0,0.8408490419387817,0.949999988079071
0,0.9521058797836304,0.949999988079071
0,0.9375852346420288,0.949999988079071
0,0.9118053913116455,0.949999988079071
0,0.3897847831249237,0.5
0,0.1346253752708435,0.05000000074505806
0,0.931050717830658,0.949999988079071
0,0.8861888647079468,0.949999988079071
0,0.08890756219625473,0.05000000074505806
0,0.30902212858200073,0.5
0,0.21790602803230286,0.5
0,0.9561015963554382,0.949999988079071
0,0.9365083575248718,0.949999988079071
0,0.9508334994316101,0.949999988079071
0,0.9551403522491455,0.949999988079071
0,0.9543837904930115,0.949999988079071
0,0.2427947223186493,0.5
0,0.22937439382076263,0.5
0,0.8850618004798889,0.949999988079071
0,0.41915199160575867,0.5
0,0.8742906451225281,0.949999988079071
0,0.9398958683013916,0.949999988079071
0,0.3597877323627472,0.5
0,0.9309148788452148,0.949999988079071
0,0.9560220837593079,0.949999988079071
0,0.07471238821744919,0.05000000074505806
0,0.11673150211572647,0.05000000074505806
0,0.9454313516616821,0.949999988079071
0,0.8812405467033386,0.949999988079071
0,0.9262344241142273,0.949999988079071
0,0.9595579504966736,0.949999988079071
0,0.27578169107437134,0.05000000074505806
0,0.3027495741844177,0.5
0,0.9407951235771179,0.949999988079071
0,0.8494199514389038,0.949999988079071
0,0.41034993529319763,0.05000000074505806
0,0.5565162897109985,0.05000000074505806
0,0.9340829849243164,0.949999988079071
0,0.9317817091941833,0.949999988079071
0,0.3276817202568054,0.5
0,0.9491395950317383,0.949999988079071
0,0.9520905613899231,0.949999988079071
0,0.25517332553863525,0.5
0,0.9497548341751099,0.949999988079071
0,0.9554159045219421,0.949999988079071
0,0.9366896152496338,0.949999988079071
0,0.36675190925598145,0.5
0,0.3430795669555664,0.5
0,0.9258072376251221,0.949999988079071
0,0.9318166971206665,0.949999988079071
0,0.9487993121147156,0.949999988079071
0,0.38999444246292114,0.5
0,0.32619336247444153,0.5
0,0.9046843647956848,0.949999988079071
0,0.8608114719390869,0.5
0,0.2631518542766571,0.5
0,0.271319180727005,0.05000000074505806
0,0.8616213798522949,0.5
0,0.3584049940109253,0.5
0,0.924593448638916,0.949999988079071
0,0.9248530864715576,0.949999988079071
0,0.41178324818611145,0.5
0,0.9675478339195251,0.949999988079071
0,0.14604122936725616,0.05000000074505806
0,0.2578642666339874,0.5
0,0.9481157064437866,0.949999988079071
0,0.9535549879074097,0.949999988079071
0,0.9667746424674988,0.949999988079071
0,0.30243220925331116,0.05000000074505806
0,0.2985519468784332,0.05000000074505806
0,0.942155659198761,0.949999988079071
0,0.3590000569820404,0.5
0,0.10565480589866638,0.5
0,0.9691373705863953,0.949999988079071
0,0.9580284357070923,0.949999988079071
0,0.20970194041728973,0.05000000074505806
0,0.8707412481307983,0.949999988079071
0,0.23266835510730743,0.5
0,0.26689982414245605,0.5
0,0.9612698554992676,0.949999988079071
0,0.20148243010044098,0.05000000074505806
0,0.2752796411514282,0.949999988079071
0,0.09929531812667847,0.05000000074505806
0,0.9461095929145813,0.949999988079071
0,0.32664763927459717,0.5
0,0.96051424741745,0.949999988079071
0,0.9243537187576294,0.949999988079071
0,0.9304162859916687,0.949999988079071
0,0.2454346865415573,0.5
0,0.2322440892457962,0.5
0,0.9271257519721985,0.949999988079071
0,0.34032174944877625,0.5
0,0.9560620784759521,0.949999988079071
0,0.9596750736236572,0.949999988079071
0,0.35400155186653137,0.5
0,0.9423984289169312,0.949999988079071
0,0.2923448383808136,0.5
0,0.23270955681800842,0.5
0,0.300165057182312,0.5
0,0.25898876786231995,0.5
0,0.9489255547523499,0.949999988079071
0,0.26364219188690186,0.5
0,0.23432056605815887,0.5
0,0.14222052693367004,0.05000000074505806
0,0.26655828952789307,0.5
0,0.30370083451271057,0.5
0,0.2938181161880493,0.5
0,0.9112884402275085,0.949999988079071
0,0.2740726172924042,0.5
0,0.9600614309310913,0.949999988079071
0,0.946901798248291,0.949999988079071
0,0.2443736344575882,0.05000000074505806
0,0.31845512986183167,0.05000000074505806
0,0.9428316354751587,0.949999988079071
0,0.9440017342567444,0.949999988079071
0,0.19185824692249298,0.5
0,0.2897452712059021,0.05000000074505806
0,0.4132613241672516,0.05000000074505806
0,0.9215853214263916,0.949999988079071
0,0.9456148743629456,0.949999988079071
0,0.8255942463874817,0.5
0,0.3554270267486572,0.05000000074505806
0,0.8317746520042419,0.5
0,0.2516207695007324,0.05000000074505806
0,0.932266354560852,0.949999988079071
0,0.2060350775718689,0.05000000074505806
0,0.9402769804000854,0.949999988079071
0,0.9408562779426575,0.949999988079071
0,0.35212641954421997,0.05000000074505806
0,0.9346990585327148,0.949999988079071
0,0.25695985555648804,0.5
0,0.9598800539970398,0.949999988079071
0,0.42499908804893494,0.5
0,0.9602432250976562,0.949999988079071
0,0.9565403461456299,0.949999988079071
0,0.953845739364624,0.949999988079071
0,0.9444064497947693,0.949999988079071
0,0.941683828830719,0.949999988079071
0,0.24426592886447906,0.5
0,0.3336011469364166,0.5
0,0.927251398563385,0.949999988079071
0,0.27282238006591797,0.5
0,0.2523944675922394,0.5
0,0.2723728120326996,0.5
0,0.9685270190238953,0.949999988079071
0,0.15657874941825867,0.5
0,0.36652812361717224,0.5
0,0.3883427083492279,0.5
0,0.3116861581802368,0.5
0,0.26504895091056824,0.05000000074505806
0,0.4314800500869751,0.5
0,0.1118406355381012,0.5
0,0.7792417407035828,0.5
0,0.15205645561218262,0.5
0,0.8437660932540894,0.949999988079071
0,0.26320984959602356,0.5
0,0.9429816007614136,0.949999988079071
0,0.9435316920280457,0.949999988079071
0,0.11185681819915771,0.5
0,0.9364610314369202,0.949999988079071
0,0.32377713918685913,0.5
0,0.36556875705718994,0.5
0,0.5004947781562805,0.5
0,0.20470048487186432,0.5
0,0.3175443410873413,0.5
0,0.9576281309127808,0.949999988079071
0,0.6339712142944336,0.949999988079071
0,0.9610865116119385,0.949999988079071
0,0.9522779583930969,0.949999988079071
0,0.9569002985954285,0.949999988079071
0,0.5297113060951233,0.5
0,0.833746075630188,0.949999988079071
0,0.9682747721672058,0.949999988079071
0,0.9401341080665588,0.949999988079071
0,0.8825346827507019,0.949999988079071
0,0.1395340859889984,0.05000000074505806
0,0.7960089445114136,0.5
0,0.9664751291275024,0.949999988079071
0,0.5113124847412109,0.5
0,0.40827906131744385,0.05000000074505806
0,0.17191141843795776,0.5
0,0.9086955189704895,0.949999988079071
0,0.34147322177886963,0.05000000074505806
0,0.8740185499191284,0.949999988079071
0,0.9235153794288635,0.949999988079071
0,0.3400017023086548,0.5
0,0.42630836367607117,0.5
0,0.29833462834358215,0.05000000074505806
0,0.16227413713932037,0.5
0,0.31120410561561584,0.05000000074505806
0,0.20316560566425323,0.05000000074505806
0,0.95627361536026,0.949999988079071
0,0.9305002093315125,0.949999988079071
0,0.9548259377479553,0.949999988079071
0,0.4356195032596588,0.5
0,0.9483610391616821,0.949999988079071
0,0.3429679870605469,0.5
0,0.7754371166229248,0.949999988079071
0,0.43199265003204346,0.5
0,0.3733881711959839,0.5
0,0.963420569896698,0.949999988079071
0,0.278740793466568,0.5
0,0.5912505984306335,0.949999988079071
0,0.056656207889318466,0.05000000074505806
0,0.40045738220214844,0.5
0,0.9529328942298889,0.949999988079071
0,0.19218716025352478,0.05000000074505806
0,0.9108652472496033,0.949999988079071
0,0.3593265414237976,0.5
0,0.9299230575561523,0.949999988079071
0,0.940866231918335,0.949999988079071
0,0.2512485086917877,0.5
0,0.9489681720733643,0.949999988079071
0,0.26569733023643494,0.5
0,0.37853527069091797,0.5
0,0.3247777223587036,0.05000000074505806
0,0.4109308421611786,0.5
0,0.25441238284111023,0.5
0,0.2932296395301819,0.05000000074505806
0,0.9584825038909912,0.949999988079071
0,0.31245139241218567,0.05000000074505806
0,0.9527169466018677,0.949999988079071
0,0.32056960463523865,0.5
0,0.9359006881713867,0.949999988079071
0,0.3800123929977417,0.5
0,0.9390546679496765,0.949999988079071
0,0.4601804316043854,0.5
0,0.5123739242553711,0.5
0,0.963237464427948,0.949999988079071
0,0.9476931095123291,0.949999988079071
0,0.27980971336364746,0.5
0,0.2961939871311188,0.5
0,0.32478153705596924,0.5
0,0.518826961517334,0.5
0,0.8728539347648621,0.949999988079071
0,0.960113525390625,0.949999988079071
0,0.9400408864021301,0.949999988079071
0,0.1306139975786209,0.5
0,0.37646234035491943,0.5
0,0.2825116515159607,0.5
0,0.23336707055568695,0.5
0,0.03973803296685219,0.05000000074505806
0,0.9083340764045715,0.949999988079071
0,0.31972452998161316,0.5
0,0.36245208978652954,0.5
0,0.9325991272926331,0.949999988079071
0,0.21678660809993744,0.05000000074505806
0,0.3606215715408325,0.5
0,0.9541356563568115,0.949999988079071
0,0.2957858741283417,0.5
0,0.54425448179245,0.5
0,0.7292734980583191,0.949999988079071
0,0.9575303196907043,0.949999988079071
0,0.24777282774448395,0.5
0,0.3841811418533325,0.5
0,0.9482600688934326,0.949999988079071
0,0.8869284391403198,0.949999988079071
0,0.06377438455820084,0.5
0,0.2725897431373596,0.5
0,0.3789198398590088,0.5
0,0.17346642911434174,0.05000000074505806
0,0.39867696166038513,0.5
0,0.972899854183197,0.949999988079071
0,0.6927141547203064,0.949999988079071
0,0.3589514493942261,0.05000000074505806
0,0.6753973960876465,0.949999988079071
0,0.9130735993385315,0.949999988079071
0,0.9575202465057373,0.949999988079071
0,0.9299623370170593,0.949999988079071
0,0.8326974511146545,0.949999988079071
0,0.2701360285282135,0.05000000074505806
0,0.2906830608844757,0.5
0,0.9346382021903992,0.949999988079071
0,0.40847405791282654,0.5
0,0.8253650069236755,0.949999988079071
0,0.9532806873321533,0.949999988079071
0,0.9479590058326721,0.949999988079071
0,0.8034346103668213,0.949999988079071
0,0.2874816358089447,0.5
0,0.32046589255332947,0.5
0,0.4293462038040161,0.05000000074505806
0,0.954889714717865,0.949999988079071
0,0.2392609566450119,0.5
0,0.22751595079898834,0.05000000074505806
0,0.9054824709892273,0.949999988079071
0,0.25773265957832336,0.5
0,0.8340936303138733,0.949999988079071
0,0.9605677127838135,0.949999988079071
0,0.20438344776630402,0.05000000074505806
0,0.3334057033061981,0.5
0,0.2913597822189331,0.05000000074505806
0,0.23959943652153015,0.5
0,0.9550244212150574,0.949999988079071
0,0.3573181927204132,0.5
0,0.919221043586731,0.949999988079071
0,0.9610775709152222,0.949999988079071
0,0.3663911819458008,0.5
0,0.9486379623413086,0.949999988079071
0,0.3339023292064667,0.5
0,0.2928503155708313,0.5
0,0.8808494806289673,0.949999988079071
0,0.2609487473964691,0.5
0,0.9564603567123413,0.949999988079071
0,0.2622896134853363,0.05000000074505806
0,0.9704819321632385,0.949999988079071
0,0.9096357226371765,0.949999988079071
0,0.21187402307987213,0.05000000074505806
0,0.9318673014640808,0.949999988079071
0,0.22829698026180267,0.5
0,0.9490129351615906,0.949999988079071
0,0.26679906249046326,0.05000000074505806
0,0.9583203196525574,0.949999988079071
0,0.24664275348186493,0.5
0,0.9091982841491699,0.5
0,0.8883303999900818,0.949999988079071
0,0.10924442857503891,0.5
0,0.19551627337932587,0.5
0,0.4273274838924408,0.5
0,0.278141051530838,0.05000000074505806
0,0.3637186288833618,0.5
0,0.18645425140857697,0.5
0,0.32842203974723816,0.5
0,0.7050470113754272,0.5
0,0.21525593101978302,0.05000000074505806
0,0.7716734409332275,0.949999988079071
0,0.9341059923171997,0.949999988079071
0,0.08538240194320679,0.05000000074505806
0,0.24583517014980316,0.5
0,0.9760655760765076,0.949999988079071
0,0.9011434316635132,0.949999988079071
0,0.9068206548690796,0.949999988079071
0,0.31920912861824036,0.5
0,0.22625000774860382,0.5
0,0.9442097544670105,0.949999988079071
0,0.43003714084625244,0.5
0,0.6139030456542969,0.5
0,0.7660194039344788,0.949999988079071
0,0.8946985006332397,0.949999988079071
0,0.300540953874588,0.5
0,0.6757057905197144,0.949999988079071
0,0.9359140396118164,0.949999988079071
0,0.33505144715309143,0.5
0,0.07360557466745377,0.05000000074505806
0,0.24799899756908417,0.05000000074505806
0,0.3112104535102844,0.5
0,0.4578595459461212,0.5
0,0.9608954787254333,0.949999988079071
0,0.18932487070560455,0.5
0,0.9513413310050964,0.949999988079071
0,0.9286488890647888,0.949999988079071
0,0.3740803301334381,0.5
0,0.892084538936615,0.949999988079071
0,0.9526345133781433,0.949999988079071
0,0.946573793888092,0.949999988079071
0,0.13212762773036957,0.05000000074505806
0,0.8173884749412537,0.949999988079071
0,0.23469358682632446,0.5
0,0.9618505239486694,0.949999988079071
0,0.3467329740524292,0.5
0,0.28302115201950073,0.5
0,0.9254825711250305,0.949999988079071
0,0.24433685839176178,0.5
0,0.9382532238960266,0.949999988079071
0,0.4525007903575897,0.5
0,0.9541877508163452,0.949999988079071
0,0.2776210904121399,0.05000000074505806
0,0.20490585267543793,0.5
0,0.28952834010124207,0.5
0,0.32173341512680054,0.05000000074505806
0,0.35843953490257263,0.5
0,0.9455428123474121,0.949999988079071
0,0.9296137690544128,0.949999988079071
0,0.9174567461013794,0.949999988079071
0,0.9540674090385437,0.949999988079071
0,0.21757514774799347,0.05000000074505806
0,0.5070074796676636,0.5
0,0.3783392310142517,0.05000000074505806
0,0.974125325679779,0.949999988079071
0,0.9608598351478577,0.949999988079071
0,0.203657329082489,0.05000000074505806
0,0.9480621218681335,0.949999988079071
0,0.29755136370658875,0.05000000074505806
0,0.9566249847412109,0.949999988079071
0,0.33063939213752747,0.5
0,0.24534395337104797,0.05000000074505806
0,0.21204142272472382,0.05000000074505806
0,0.9237968325614929,0.949999988079071
0,0.30200108885765076,0.5
0,0.46333274245262146,0.5
0,0.48241209983825684,0.5
0,0.29907485842704773,0.5
0,0.37887096405029297,0.5
0,0.9663786292076111,0.949999988079071
0,0.28933486342430115,0.5
0,0.8651934862136841,0.949999988079071
0,0.0803646519780159,0.05000000074505806
0,0.33198225498199463,0.05000000074505806
0,0.22446805238723755,0.5
0,0.9637165665626526,0.949999988079071
0,0.6422058939933777,0.949999988079071
0,0.9651452302932739,0.949999988079071
0,0.19752565026283264,0.05000000074505806
0,0.9592909812927246,0.949999988079071
0,0.2649238407611847,0.5
0,0.396828293800354,0.5
0,0.9058366417884827,0.949999988079071
0,0.9051803946495056,0.949999988079071
0,0.17671015858650208,0.05000000074505806
0,0.3531534671783447,0.5
0,0.1621411144733429,0.05000000074505806
0,0.200641468167305,0.05000000074505806
0,0.9476114511489868,0.949999988079071
0,0.11402185261249542,0.05000000074505806
0,0.3932504653930664,0.5
0,0.9649568200111389,0.949999988079071
0,0.27093589305877686,0.5
0,0.9632484316825867,0.949999988079071
0,0.2518822252750397,0.5
0,0.370773047208786,0.05000000074505806
0,0.5016635060310364,0.05000000074505806
0,0.2949759066104889,0.5
0,0.2784029245376587,0.05000000074505806
0,0.19741810858249664,0.05000000074505806
0,0.6332235932350159,0.5
0,0.30956417322158813,0.5
0,0.95522540807724,0.949999988079071
0,0.31768760085105896,0.5
0,0.27912211418151855,0.5
0,0.15911181271076202,0.05000000074505806
0,0.955470860004425,0.949999988079071
0,0.9589431285858154,0.949999988079071
0,0.23005995154380798,0.05000000074505806
0,0.41296249628067017,0.5
0,0.29664379358291626,0.5
0,0.9463578462600708,0.949999988079071
0,0.2868742346763611,0.5
0,0.9144365787506104,0.949999988079071
0,0.3269940912723541,0.5
0,0.9500366449356079,0.949999988079071
0,0.9517140984535217,0.949999988079071
0,0.9572365880012512,0.949999988079071
0,0.9622833728790283,0.949999988079071
0,0.8799033761024475,0.949999988079071
0,0.9346295595169067,0.949999988079071
0,0.33389875292778015,0.5
0,0.2565949559211731,0.5
0,0.20844551920890808,0.05000000074505806
0,0.9522854089736938,0.949999988079071
0,0.221763014793396,0.5
0,0.5891351103782654,0.949999988079071
0,0.20845861732959747,0.05000000074505806
0,0.2980048656463623,0.5
0,0.9500450491905212,0.949999988079071
0,0.22212952375411987,0.5
0,0.24920520186424255,0.5
0,0.9603502750396729,0.949999988079071
0,0.40457645058631897,0.5
0,0.2774468958377838,0.5
0,0.2455529123544693,0.05000000074505806
0,0.19295892119407654,0.05000000074505806
0,0.4993691146373749,0.5
0,0.15264800190925598,0.05000000074505806
0,0.9516783952713013,0.949999988079071
0,0.34250813722610474,0.5
0,0.9588716626167297,0.949999988079071
0,0.9366340637207031,0.949999988079071
0,0.461296409368515,0.5
0,0.29332050681114197,0.05000000074505806
0,0.9504051208496094,0.949999988079071
0,0.3369860053062439,0.5
0,0.964104950428009,0.949999988079071
0,0.6894484758377075,0.949999988079071
0,0.35983848571777344,0.5
0,0.40324851870536804,0.5
0,0.9363132119178772,0.949999988079071
0,0.23700711131095886,0.05000000074505806
0,0.9442241191864014,0.949999988079071
0,0.5140593647956848,0.5
0,0.9292166233062744,0.949999988079071
0,0.9374249577522278,0.949999988079071
0,0.5502173900604248,0.949999988079071
0,0.9427714943885803,0.949999988079071
0,0.9359801411628723,0.949999988079071
0,0.18171654641628265,0.5
0,0.3722953498363495,0.5
0,0.7271803021430969,0.949999988079071
0,0.5139282941818237,0.949999988079071
0,0.9550579190254211,0.949999988079071
0,0.29237934947013855,0.5
0,0.41621294617652893,0.5
0,0.9519206881523132,0.949999988079071
0,0.9606820940971375,0.949999988079071
0,0.3649802505970001,0.5
0,0.53551185131073,0.949999988079071
0,0.24436119198799133,0.5
0,0.9545392990112305,0.949999988079071
0,0.36757683753967285,0.5
0,0.9379969239234924,0.949999988079071
0,0.2882440388202667,0.5
0,0.17753630876541138,0.05000000074505806
0,0.21469320356845856,0.05000000074505806
0,0.38802972435951233,0.5
0,0.18993797898292542,0.05000000074505806
0,0.7881359457969666,0.949999988079071
0,0.8892248272895813,0.949999988079071
0,0.9355732798576355,0.949999988079071
0,0.9301217198371887,0.949999988079071
0,0.364012748003006,0.5
0,0.9541445374488831,0.949999988079071
0,0.9490017294883728,0.949999988079071
0,0.1860664188861847,0.05000000074505806
0,0.9565528631210327,0.949999988079071
0,0.5242867469787598,0.949999988079071
0,0.23737339675426483,0.5
0,0.36031848192214966,0.5
0,0.924155056476593,0.949999988079071
0,0.2590864300727844,0.5
0,0.3721533715724945,0.05000000074505806
0,0.3594115376472473,0.05000000074505806
0,0.4377017319202423,0.5
0,0.2532450556755066,0.05000000074505806
0,0.3356233537197113,0.5
0,0.38295841217041016,0.5
0,0.9561262130737305,0.949999988079071
0,0.9683986306190491,0.949999988079071
0,0.9541844129562378,0.949999988079071
0,0.20395132899284363,0.05000000074505806
0,0.1872423142194748,0.05000000074505806
0,0.9428937435150146,0.949999988079071
0,0.4441094696521759,0.5
0,0.3052017390727997,0.5
0,0.2649143636226654,0.5
0,0.23187361657619476,0.05000000074505806
0,0.20038121938705444,0.05000000074505806
0,0.393942266702652,0.5
0,0.9556692838668823,0.949999988079071
0,0.34485042095184326,0.5
0,0.282427042722702,0.5
0,0.6211932897567749,0.5
0,0.9138282537460327,0.949999988079071
0,0.1841578334569931,0.5
0,0.23346509039402008,0.05000000074505806
0,0.4324019253253937,0.5
0,0.9001035094261169,0.949999988079071
0,0.3665865957736969,0.5
0,0.21175982058048248,0.5
0,0.20249630510807037,0.5
0,0.3593693971633911,0.5
0,0.40695470571517944,0.5
0,0.9524297714233398,0.949999988079071
0,0.9637972712516785,0.949999988079071
0,0.711262583732605,0.949999988079071
0,0.20239172875881195,0.5
0,0.9231747984886169,0.949999988079071
0,0.3585985600948334,0.5
0,0.9504833817481995,0.949999988079071
0,0.9490748643875122,0.949999988079071
0,0.7943691611289978,0.949999988079071
0,0.9069358706474304,0.949999988079071
0,0.3200429677963257,0.05000000074505806
0,0.17261573672294617,0.5
0,0.942543089389801,0.949999988079071
0,0.24408693611621857,0.05000000074505806
0,0.9622939825057983,0.949999988079071
0,0.963058590888977,0.949999988079071
0,0.1664823293685913,0.05000000074505806
0,0.9605634212493896,0.949999988079071
0,0.32442718744277954,0.05000000074505806
0,0.9544186592102051,0.949999988079071
0,0.1965939849615097,0.5
0,0.9721001386642456,0.949999988079071
0,0.9616662263870239,0.949999988079071
0,0.9492848515510559,0.949999988079071
0,0.42630863189697266,0.5
0,0.29296955466270447,0.5
0,0.2650395929813385,0.5
0,0.3472963869571686,0.5
0,0.33591634035110474,0.5
0,0.8935346007347107,0.949999988079071
0,0.9695931673049927,0.949999988079071
0,0.43321871757507324,0.5
0,0.31187114119529724,0.5
0,0.1515163630247116,0.5
0,0.921872079372406,0.949999988079071
0,0.3506622016429901,0.5
0,0.9278380870819092,0.949999988079071
0,0.5374042391777039,0.5
0,0.26164907217025757,0.5
0,0.30316171050071716,0.5
0,0.1369463950395584,0.5
0,0.2577217221260071,0.5
0,0.2942486107349396,0.05000000074505806
0,0.37515532970428467,0.05000000074505806
0,0.3128250539302826,0.5
0,0.25140875577926636,0.5
0,0.9647312164306641,0.949999988079071
0,0.22856783866882324,0.05000000074505806
0,0.9431545734405518,0.949999988079071
0,0.23323610424995422,0.5
0,0.40253153443336487,0.949999988079071
0,0.44298189878463745,0.5
0,0.9619872570037842,0.949999988079071
0,0.12743902206420898,0.5
0,0.35093772411346436,0.5
0,0.9184795618057251,0.949999988079071
0,0.9552940726280212,0.949999988079071
0,0.29868534207344055,0.5
0,0.12929098308086395,0.05000000074505806
0,0.9341663122177124,0.949999988079071
0,0.17840804159641266,0.05000000074505806
0,0.2032320499420166,0.05000000074505806
0,0.34960269927978516,0.5
0,0.9542176127433777,0.949999988079071
0,0.9317388534545898,0.949999988079071
0,0.5367764830589294,0.5
0,0.8880038261413574,0.949999988079071
0,0.43967875838279724,0.5
0,0.9384275078773499,0.949999988079071
0,0.18081505596637726,0.05000000074505806
0,0.4140399396419525,0.5
0,0.962130606174469,0.949999988079071
0,0.9365121126174927,0.949999988079071
0,0.35245630145072937,0.5
0,0.9363622069358826,0.949999988079071
0,0.19235967099666595,0.5
0,0.21858744323253632,0.5
0,0.25902825593948364,0.5
0,0.06112349405884743,0.05000000074505806
0,0.9515436291694641,0.949999988079071
0,0.1479690968990326,0.5
0,0.39080750942230225,0.5
0,0.9266431927680969,0.949999988079071
0,0.3161974251270294,0.05000000074505806
0,0.2783500850200653,0.05000000074505806
0,0.47519543766975403,0.5
0,0.9111246466636658,0.949999988079071
0,0.9296234846115112,0.949999988079071
0,0.28876665234565735,0.05000000074505806
0,0.22170013189315796,0.05000000074505806
0,0.23884780704975128,0.05000000074505806
0,0.1708446443080902,0.5
0,0.7270905375480652,0.5
0,0.24340306222438812,0.05000000074505806
0,0.36646339297294617,0.5
0,0.9544566869735718,0.949999988079071
0,0.3552989363670349,0.5
0,0.931944727897644,0.949999988079071
0,0.40291231870651245,0.5
0,0.9157395362854004,0.949999988079071
0,0.36545854806900024,0.5
0,0.2713342308998108,0.5
0,0.17404623329639435,0.949999988079071
0,0.3519367575645447,0.05000000074505806
0,0.14637914299964905,0.5
0,0.9492529630661011,0.949999988079071
0,0.46959733963012695,0.5
0,0.34830424189567566,0.5
0,0.9246857166290283,0.949999988079071
0,0.26427707076072693,0.05000000074505806
0,0.31822261214256287,0.05000000074505806
0,0.9526546597480774,0.949999988079071
0,0.9351068735122681,0.949999988079071
0,0.9456185698509216,0.949999988079071
0,0.19295014441013336,0.05000000074505806
0,0.8147448301315308,0.5
0,0.1561945080757141,0.05000000074505806
0,0.95013427734375,0.949999988079071
0,0.23876187205314636,0.05000000074505806
0,0.317756712436676,0.05000000074505806
0,0.23024216294288635,0.05000000074505806
0,0.5567846894264221,0.5
0,0.265178382396698,0.05000000074505806
0,0.9546554684638977,0.949999988079071
0,0.9548589587211609,0.949999988079071
0,0.2628108561038971,0.05000000074505806
0,0.5301944613456726,0.5
0,0.25497135519981384,0.05000000074505806
0,0.2060616910457611,0.05000000074505806
0,0.9241300821304321,0.949999988079071
0,0.9360503554344177,0.949999988079071
0,0.9517397880554199,0.949999988079071
0,0.9156142473220825,0.949999988079071
0,0.3097239136695862,0.5
0,0.17600677907466888,0.5
0,0.3135317265987396,0.05000000074505806
0,0.30146196484565735,0.05000000074505806
0,0.9658247232437134,0.949999988079071
0,0.8998474478721619,0.949999988079071
0,0.9059181213378906,0.949999988079071
0,0.17696598172187805,0.05000000074505806
0,0.23869219422340393,0.05000000074505806
0,0.45697569847106934,0.5
0,0.9557029604911804,0.949999988079071
0,0.7199110388755798,0.5
0,0.31453442573547363,0.05000000074505806
0,0.8480855822563171,0.949999988079071
0,0.9168695211410522,0.949999988079071
0,0.45029234886169434,0.5
0,0.7513201236724854,0.949999988079071
0,0.9535986185073853,0.949999988079071
0,0.30616822838783264,0.5
0,0.29745620489120483,0.05000000074505806
0,0.9311191439628601,0.949999988079071
0,0.33046701550483704,0.5
0,0.3974829912185669,0.5
0,0.6943048238754272,0.949999988079071
0,0.8957276940345764,0.949999988079071
0,0.21600641310214996,0.05000000074505806
0,0.9272885322570801,0.949999988079071
0,0.24401922523975372,0.5
0,0.20975714921951294,0.05000000074505806
0,0.9583085775375366,0.949999988079071
0,0.26833924651145935,0.5
0,0.4116038382053375,0.5
0,0.37771162390708923,0.5
0,0.7086582183837891,0.5
0,0.9552151560783386,0.949999988079071
0,0.9506340622901917,0.949999988079071
0,0.5263411402702332,0.5
0,0.24618855118751526,0.5
0,0.278024286031723,0.5
0,0.9523618817329407,0.949999988079071
0,0.25087687373161316,0.5
0,0.8583733439445496,0.949999988079071
0,0.949977695941925,0.949999988079071
0,0.9522537589073181,0.949999988079071
0,0.3419055640697479,0.05000000074505806
0,0.27227237820625305,0.5
0,0.39671921730041504,0.5
0,0.4628365635871887,0.5
0,0.38033556938171387,0.949999988079071
0,0.20165276527404785,0.05000000074505806
0,0.3200559616088867,0.5
0,0.8595290184020996,0.949999988079071
0,0.448045939207077,0.05000000074505806
0,0.412750780582428,0.5
0,0.2635399401187897,0.05000000074505806
0,0.9584352970123291,0.949999988079071
0,0.9454424381256104,0.949999988079071
0,0.32800957560539246,0.5
0,0.6642407178878784,0.5
0,0.6199677586555481,0.949999988079071
0,0.17449627816677094,0.5
0,0.2732236683368683,0.5
0,0.6749079823493958,0.5
0,0.8236469626426697,0.949999988079071
0,0.36431658267974854,0.5
0,0.9541767835617065,0.949999988079071
0,0.9274884462356567,0.949999988079071
0,0.2380620539188385,0.05000000074505806
0,0.353202223777771,0.5
0,0.8420237898826599,0.949999988079071
0,0.9397351741790771,0.949999988079071
0,0.9563053250312805,0.949999988079071
0,0.2507687211036682,0.05000000074505806
0,0.4626900851726532,0.5
0,0.3625665605068207,0.05000000074505806
0,0.95388263463974,0.949999988079071
0,0.15150681138038635,0.5
0,0.24402809143066406,0.5
0,0.9445427656173706,0.949999988079071
0,0.9583728909492493,0.949999988079071
0,0.1403115689754486,0.05000000074505806
0,0.9517421722412109,0.949999988079071
0,0.9338454008102417,0.949999988079071
0,0.2916993796825409,0.5
0,0.22863785922527313,0.05000000074505806
0,0.3897462487220764,0.05000000074505806
0,0.07551957666873932,0.05000000074505806
0,0.9481980800628662,0.949999988079071
0,0.4200654625892639,0.5
0,0.3193592429161072,0.5
0,0.9646416902542114,0.949999988079071
0,0.5137916207313538,0.05000000074505806
0,0.2621803879737854,0.05000000074505806
0,0.9161353707313538,0.949999988079071
0,0.3349458575248718,0.5
0,0.3353203237056732,0.5
0,0.9588487148284912,0.949999988079071
0,0.36816808581352234,0.05000000074505806
0,0.31718575954437256,0.5
0,0.09419640898704529,0.5
0,0.44952592253685,0.05000000074505806
0,0.939291775226593,0.949999988079071
0,0.9503663182258606,0.949999988079071
0,0.30651023983955383,0.5
0,0.2096741944551468,0.5
0,0.48529717326164246,0.949999988079071
0,0.9445789456367493,0.949999988079071
0,0.08599802106618881,0.5
0,0.2541060745716095,0.5
0,0.24298229813575745,0.5
0,0.9390933513641357,0.949999988079071
0,0.9547017216682434,0.949999988079071
0,0.24986959993839264,0.5
0,0.29118219017982483,0.5
0,0.26034387946128845,0.05000000074505806
0,0.3439384400844574,0.5
0,0.422693133354187,0.5
0,0.2811420261859894,0.5
0,0.8564333319664001,0.5
0,0.3960573971271515,0.5
0,0.24668389558792114,0.05000000074505806
0,0.330202579498291,0.5
0,0.19455896317958832,0.05000000074505806
0,0.30767959356307983,0.5
0,0.334758996963501,0.05000000074505806
0,0.217105895280838,0.05000000074505806
0,0.40637144446372986,0.5
0,0.9370021224021912,0.949999988079071
0,0.624271035194397,0.5
0,0.8115819096565247,0.949999988079071
0,0.8961029648780823,0.5
0,0.30307736992836,0.5
0,0.9262105822563171,0.949999988079071
0,0.25014355778694153,0.5
0,0.24847286939620972,0.05000000074505806
0,0.16220718622207642,0.5
0,0.2597482204437256,0.05000000074505806
0,0.3458337187767029,0.5
0,0.4332689344882965,0.5
0,0.6178135275840759,0.949999988079071
0,0.9638211727142334,0.949999988079071
0,0.32149747014045715,0.5
0,0.09130020439624786,0.05000000074505806
0,0.41200199723243713,0.5
0,0.436919629573822,0.5
0,0.22506044805049896,0.5
0,0.9607319831848145,0.949999988079071
0,0.4549834430217743,0.949999988079071
0,0.955633819103241,0.949999988079071
0,0.09216479957103729,0.5
0,0.9488472938537598,0.949999988079071
0,0.30024802684783936,0.5
0,0.29247674345970154,0.5
0,0.8098760843276978,0.949999988079071
0,0.8992893695831299,0.949999988079071
0,0.9627776741981506,0.949999988079071
0,0.3096688687801361,0.05000000074505806
0,0.9491236209869385,0.949999988079071
0,0.9623163938522339,0.949999988079071
0,0.9478750824928284,0.949999988079071
0,0.20934432744979858,0.05000000074505806
0,0.21970464289188385,0.5
0,0.25348028540611267,0.5
0,0.3974446654319763,0.5
0,0.9260736107826233,0.949999988079071
0,0.8344553709030151,0.949999988079071
0,0.3064102530479431,0.5
0,0.2892833650112152,0.5
0,0.27945882081985474,0.05000000074505806
0,0.25064805150032043,0.5
0,0.8076151609420776,0.5
0,0.8922944068908691,0.949999988079071
0,0.9474169611930847,0.949999988079071
0,0.8299087285995483,0.949999988079071
0,0.8894082903862,0.949999988079071
0,0.1732517033815384,0.05000000074505806
0,0.3516388535499573,0.5
0,0.15251991152763367,0.05000000074505806
0,0.22129353880882263,0.05000000074505806
0,0.2577250599861145,0.05000000074505806
0,0.3694388270378113,0.5
0,0.9090187549591064,0.949999988079071
0,0.34727028012275696,0.5
0,0.9598843455314636,0.949999988079071
0,0.14235204458236694,0.05000000074505806
0,0.2769402265548706,0.5
0,0.6028986573219299,0.5
0,0.950641393661499,0.949999988079071
0,0.2566338777542114,0.05000000074505806
0,0.2955743372440338,0.5
0,0.9545824527740479,0.949999988079071
0,0.5921065807342529,0.5
0,0.9364437460899353,0.949999988079071
0,0.07641845941543579,0.05000000074505806
0,0.18172715604305267,0.05000000074505806
0,0.39906421303749084,0.949999988079071
0,0.09157462418079376,0.05000000074505806
0,0.33438706398010254,0.5
0,0.31281760334968567,0.5
0,0.7969604730606079,0.949999988079071
0,0.36648452281951904,0.5
0,0.30576789379119873,0.5
0,0.9223638772964478,0.949999988079071
0,0.944600522518158,0.949999988079071
0,0.2980702817440033,0.05000000074505806
0,0.3790351152420044,0.5
0,0.333079993724823,0.5
0,0.35352465510368347,0.5
0,0.9363054633140564,0.949999988079071
0,0.9494979381561279,0.949999988079071
0,0.15182770788669586,0.5
0,0.19594696164131165,0.05000000074505806
0,0.9509857296943665,0.949999988079071
0,0.9557887315750122,0.949999988079071
0,0.5325000286102295,0.949999988079071
0,0.9398383498191833,0.949999988079071
0,0.1520511955022812,0.05000000074505806
0,0.21247714757919312,0.5
0,0.347359836101532,0.5
0,0.9330119490623474,0.949999988079071
0,0.5114098787307739,0.5
0,0.6896758675575256,0.949999988079071
0,0.3835814595222473,0.5
0,0.9622111916542053,0.949999988079071
0,0.9234140515327454,0.949999988079071
0,0.4371267855167389,0.05000000074505806
0,0.22916282713413239,0.5
0,0.3032017648220062,0.5
0,0.9276360273361206,0.949999988079071
0,0.10779881477355957,0.05000000074505806
0,0.9679902195930481,0.949999988079071
0,0.8762428164482117,0.949999988079071
0,0.3046824634075165,0.5
0,0.16278499364852905,0.05000000074505806
0,0.288722962141037,0.5
0,0.8961252570152283,0.949999988079071
0,0.3808880150318146,0.5
0,0.6330047249794006,0.5
0,0.3305310904979706,0.5
0,0.9516064524650574,0.949999988079071
0,0.32793110609054565,0.5
0,0.9556293487548828,0.949999988079071
0,0.9588041305541992,0.949999988079071
0,0.2641496956348419,0.5
0,0.746021032333374,0.949999988079071
0,0.9428975582122803,0.949999988079071
0,0.4178526699542999,0.5
0,0.23694664239883423,0.05000000074505806
0,0.9465352296829224,0.949999988079071
0,0.9291572570800781,0.949999988079071
0,0.8096696138381958,0.5
0,0.5901021361351013,0.5
0,0.9485633969306946,0.949999988079071
0,0.47624385356903076,0.949999988079071
0,0.2960880696773529,0.05000000074505806
0,0.1197272464632988,0.05000000074505806
0,0.971347451210022,0.949999988079071
0,0.8972831964492798,0.949999988079071
0,0.9667258858680725,0.949999988079071
0,0.5718784332275391,0.5
0,0.3137058913707733,0.5
0,0.684525191783905,0.5
0,0.3221723735332489,0.05000000074505806
0,0.927937924861908,0.949999988079071
0,0.05734263360500336,0.05000000074505806
0,0.5131194591522217,0.5
0,0.12345094233751297,0.5
0,0.20134121179580688,0.5
0,0.11183398216962814,0.5
0,0.9237073659896851,0.949999988079071
0,0.9202245473861694,0.949999988079071
0,0.28723499178886414,0.5
0,0.23874542117118835,0.5
0,0.9411486983299255,0.949999988079071
0,0.7555718421936035,0.5
0,0.27655863761901855,0.5
0,0.9523888826370239,0.949999988079071
0,0.30728229880332947,0.5
0,0.4624902904033661,0.5
0,0.9649347066879272,0.949999988079071
0,0.45379477739334106,0.5
0,0.9192537665367126,0.949999988079071
0,0.48639944195747375,0.5
0,0.9594374299049377,0.949999988079071
0,0.24962957203388214,0.5
0,0.20974154770374298,0.05000000074505806
0,0.9669773578643799,0.949999988079071
0,0.9069892764091492,0.949999988079071
0,0.2649017870426178,0.05000000074505806
0,0.23452997207641602,0.05000000074505806
0,0.9462617039680481,0.949999988079071
0,0.23753510415554047,0.5
0,0.3897867798805237,0.5
0,0.9122658371925354,0.949999988079071
0,0.2904185354709625,0.5
0,0.8908160328865051,0.949999988079071
0,0.8736518621444702,0.949999988079071
0,0.3776009678840637,0.5
0,0.27616584300994873,0.05000000074505806
0,0.2866060137748718,0.05000000074505806
0,0.6371693015098572,0.5
0,0.37102898955345154,0.5
0,0.9338535070419312,0.949999988079071
0,0.10111676156520844,0.5
0,0.9538252353668213,0.949999988079071
0,0.22158052027225494,0.5
0,0.755366325378418,0.949999988079071
0,0.2971682846546173,0.05000000074505806
0,0.6299666166305542,0.5
0,0.3396754264831543,0.5
0,0.27956119179725647,0.05000000074505806
0,0.9570794701576233,0.949999988079071
0,0.8864560723304749,0.949999988079071
0,0.5059530735015869,0.5
0,0.24254511296749115,0.5
0,0.164354607462883,0.05000000074505806
0,0.9686176776885986,0.949999988079071
0,0.33485132455825806,0.5
0,0.9253025650978088,0.949999988079071
0,0.25311079621315,0.05000000074505806
0,0.3050249218940735,0.5
0,0.43495193123817444,0.05000000074505806
0,0.2651134729385376,0.5
0,0.29617464542388916,0.5
0,0.2974032759666443,0.05000000074505806
0,0.8987485766410828,0.949999988079071
0,0.23587653040885925,0.5
0,0.7113062739372253,0.949999988079071
0,0.8259907364845276,0.949999988079071
0,0.2648254632949829,0.5
0,0.24986328184604645,0.5
0,0.3334179222583771,0.5
0,0.26264068484306335,0.05000000074505806
0,0.22642669081687927,0.05000000074505806
0,0.3006112277507782,0.5
0,0.9217381477355957,0.949999988079071
0,0.19777794182300568,0.05000000074505806
0,0.23279371857643127,0.05000000074505806
0,0.9394227266311646,0.949999988079071
0,0.29812681674957275,0.5
0,0.9549130797386169,0.949999988079071
0,0.917732298374176,0.949999988079071
0,0.24586820602416992,0.05000000074505806
0,0.9286136031150818,0.949999988079071
0,0.9580661654472351,0.949999988079071
0,0.9394000172615051,0.949999988079071
0,0.5339974164962769,0.5
0,0.4684925377368927,0.5
0,0.2867255210876465,0.5
0,0.3414764404296875,0.5
0,0.9573445320129395,0.949999988079071
0,0.3665861189365387,0.5
0,0.9526098370552063,0.949999988079071
0,0.9578688144683838,0.949999988079071
0,0.21982154250144958,0.05000000074505806
0,0.9370216131210327,0.949999988079071
0,0.31066349148750305,0.05000000074505806
0,0.3199596405029297,0.5
0,0.9411444664001465,0.949999988079071
0,0.9341759085655212,0.949999988079071
0,0.9210575222969055,0.949999988079071
0,0.9343898296356201,0.949999988079071
0,0.9553502798080444,0.949999988079071
0,0.9031349420547485,0.949999988079071
0,0.3083747923374176,0.05000000074505806
0,0.9560523629188538,0.949999988079071
0,0.34690719842910767,0.05000000074505806
0,0.41581711173057556,0.5
0,0.24627456068992615,0.5
0,0.9612402319908142,0.949999988079071
0,0.24424658715724945,0.05000000074505806
0,0.9348439574241638,0.949999988079071
0,0.9479508996009827,0.949999988079071
0,0.47275733947753906,0.5
0,0.9398142099380493,0.949999988079071
0,0.48175910115242004,0.5
0,0.2903987169265747,0.5
0,0.945715606212616,0.949999988079071
0,0.36213111877441406,0.5
0,0.9292768239974976,0.949999988079071
0,0.9462628364562988,0.949999988079071
0,0.23576152324676514,0.05000000074505806
0,0.2283390611410141,0.5
0,0.4284580945968628,0.5
0,0.3694581687450409,0.5
0,0.38640159368515015,0.5
0,0.13333864510059357,0.05000000074505806
0,0.9329169988632202,0.949999988079071
0,0.9506968855857849,0.949999988079071
0,0.3288615047931671,0.5
0,0.9500899314880371,0.949999988079071
0,0.923167884349823,0.949999988079071
0,0.3395681083202362,0.5
0,0.9468791484832764,0.5
0,0.9492884874343872,0.949999988079071
0,0.9345550537109375,0.949999988079071
0,0.2667636573314667,0.5
0,0.9103707671165466,0.949999988079071
0,0.37065568566322327,0.05000000074505806
0,0.24879190325737,0.05000000074505806
0,0.953769326210022,0.949999988079071
0,0.30042120814323425,0.05000000074505806
0,0.26841309666633606,0.5
0,0.8918256163597107,0.949999988079071
0,0.2884713411331177,0.05000000074505806
0,0.3854847550392151,0.5
0,0.13909165561199188,0.5
0,0.918763279914856,0.949999988079071
0,0.37696561217308044,0.5
0,0.1534637063741684,0.05000000074505806
0,0.4280984401702881,0.5
0,0.29858848452568054,0.5
0,0.32855868339538574,0.05000000074505806
0,0.28681454062461853,0.05000000074505806
0,0.2882969379425049,0.05000000074505806
0,0.3417855501174927,0.5
0,0.39656785130500793,0.5
0,0.32451218366622925,0.5
0,0.23740975558757782,0.5
0,0.32929205894470215,0.05000000074505806
0,0.9592295289039612,0.949999988079071
0,0.9523310661315918,0.949999988079071
0,0.3949735164642334,0.5
0,0.2723861634731293,0.05000000074505806
0,0.9591807126998901,0.949999988079071
0,0.3725363314151764,0.949999988079071
0,0.3416932225227356,0.5
0,0.20940665900707245,0.5
0,0.4803158640861511,0.5
0,0.22293928265571594,0.5
0,0.9329121708869934,0.949999988079071
0,0.610148012638092,0.5
0,0.9627609252929688,0.949999988079071
0,0.9494657516479492,0.949999988079071
0,0.7907430529594421,0.949999988079071
0,0.9513505697250366,0.949999988079071
0,0.9535625576972961,0.949999988079071
0,0.9252630472183228,0.949999988079071
0,0.4250047206878662,0.5
0,0.1253240704536438,0.949999988079071
0,0.24283576011657715,0.05000000074505806
0,0.9418444037437439,0.949999988079071
0,0.9301639199256897,0.949999988079071
0,0.33299386501312256,0.5
0,0.3945920169353485,0.05000000074505806
0,0.29777514934539795,0.949999988079071
0,0.3497290015220642,0.5
0,0.937215268611908,0.949999988079071
0,0.26416581869125366,0.5
0,0.37360936403274536,0.5
0,0.33898618817329407,0.5
0,0.26954397559165955,0.05000000074505806
0,0.24120499193668365,0.05000000074505806
0,0.09226403385400772,0.05000000074505806
0,0.4455879330635071,0.5
0,0.9412685632705688,0.949999988079071
0,0.2687249481678009,0.5
0,0.959080159664154,0.949999988079071
0,0.9551217555999756,0.949999988079071
0,0.9553205966949463,0.949999988079071
0,0.9529638290405273,0.949999988079071
0,0.3293597996234894,0.5
0,0.9570346474647522,0.949999988079071
0,0.9499104619026184,0.949999988079071
0,0.4985147714614868,0.5
0,0.9375998377799988,0.949999988079071
0,0.9637529850006104,0.949999988079071
0,0.31906628608703613,0.5
0,0.6599761247634888,0.5
0,0.7374168038368225,0.05000000074505806
0,0.9341602921485901,0.949999988079071
0,0.9377434253692627,0.949999988079071
0,0.9549572467803955,0.949999988079071
0,0.2684171199798584,0.5
0,0.37745949625968933,0.5
0,0.8729313015937805,0.949999988079071
0,0.36289742588996887,0.5
0,0.254645437002182,0.5
0,0.9449977278709412,0.949999988079071
0,0.7671626806259155,0.05000000074505806
0,0.9461637139320374,0.949999988079071
0,0.24405904114246368,0.05000000074505806
0,0.32167476415634155,0.5
0,0.16213394701480865,0.5
0,0.31401771306991577,0.05000000074505806
0,0.9026267528533936,0.949999988079071
0,0.22270123660564423,0.5
0,0.08636171370744705,0.5
0,0.9513594508171082,0.949999988079071
0,0.26154446601867676,0.05000000074505806
0,0.2503620386123657,0.5
0,0.24103228747844696,0.05000000074505806
0,0.3792083263397217,0.5
0,0.9617213606834412,0.949999988079071
0,0.22252555191516876,0.05000000074505806
0,0.3532169461250305,0.5
0,0.13636496663093567,0.05000000074505806
0,0.8966155648231506,0.949999988079071
0,0.325636088848114,0.5
0,0.21837030351161957,0.5
0,0.2757459878921509,0.5
0,0.2665499746799469,0.05000000074505806
0,0.2917112708091736,0.05000000074505806
0,0.7886633276939392,0.5
0,0.9197565317153931,0.949999988079071
0,0.9388119578361511,0.949999988079071
0,0.9603226780891418,0.949999988079071
0,0.9631034731864929,0.949999988079071
0,0.5799055695533752,0.5
0,0.3205445408821106,0.5
0,0.2665855288505554,0.5
0,0.935079038143158,0.949999988079071
0,0.08940313011407852,0.05000000074505806
0,0.3883761465549469,0.5
0,0.2368972897529602,0.5
0,0.33098649978637695,0.5
0,0.24248696863651276,0.5
0,0.9496018290519714,0.949999988079071
0,0.9216764569282532,0.949999988079071
0,0.957366943359375,0.949999988079071
0,0.18372927606105804,0.5
0,0.9449231028556824,0.949999988079071
0,0.21417105197906494,0.5
0,0.9443873763084412,0.949999988079071
0,0.9531691074371338,0.949999988079071
0,0.28271743655204773,0.5
0,0.8668778538703918,0.949999988079071
0,0.4995900094509125,0.5
0,0.9159150719642639,0.949999988079071
0,0.4270262122154236,0.5
0,0.19389356672763824,0.05000000074505806
0,0.9507494568824768,0.949999988079071
0,0.9232453107833862,0.949999988079071
0,0.5308901071548462,0.5
0,0.19773262739181519,0.05000000074505806
0,0.22367094457149506,0.5
0,0.39431554079055786,0.5
0,0.2674451470375061,0.5
0,0.22939856350421906,0.05000000074505806
0,0.2901403605937958,0.5
0,0.36457884311676025,0.5
0,0.7614445090293884,0.5
0,0.281802773475647,0.05000000074505806
0,0.14039941132068634,0.05000000074505806
0,0.3247385323047638,0.5
0,0.333831787109375,0.5
0,0.3883170187473297,0.5
0,0.8423066735267639,0.949999988079071
0,0.4621860384941101,0.5
0,0.9305397868156433,0.949999988079071
0,0.2768673896789551,0.5
0,0.1482231467962265,0.05000000074505806
0,0.9524043798446655,0.949999988079071
0,0.21373368799686432,0.05000000074505806
0,0.19366338849067688,0.05000000074505806
0,0.20715010166168213,0.5
0,0.8370833396911621,0.949999988079071
0,0.4328635334968567,0.5
0,0.9326627254486084,0.949999988079071
0,0.933293879032135,0.949999988079071
0,0.43493640422821045,0.5
0,0.5934398174285889,0.5
0,0.27022117376327515,0.05000000074505806
0,0.31770482659339905,0.5
0,0.9611260294914246,0.949999988079071
0,0.2011193037033081,0.05000000074505806
0,0.9390894174575806,0.949999988079071
0,0.10945258289575577,0.5
0,0.1965164989233017,0.05000000074505806
0,0.3660213053226471,0.5
0,0.6643041372299194,0.5
0,0.15630143880844116,0.05000000074505806
0,0.9370895028114319,0.949999988079071
0,0.9171393513679504,0.949999988079071
0,0.9333720207214355,0.949999988079071
0,0.33878058195114136,0.5
0,0.9528107643127441,0.949999988079071
0,0.3363449275493622,0.5
0,0.10431011766195297,0.05000000074505806
0,0.3722289502620697,0.5
0,0.28069424629211426,0.05000000074505806
0,0.9599918127059937,0.949999988079071
0,0.6011438369750977,0.5
0,0.3295457661151886,0.5
0,0.94029301404953,0.949999988079071
0,0.27349352836608887,0.05000000074505806
0,0.359778493642807,0.05000000074505806
0,0.4366038739681244,0.5
0,0.42088717222213745,0.5
0,0.3696434795856476,0.5
0,0.38841891288757324,0.5
0,0.9332335591316223,0.949999988079071
0,0.29017436504364014,0.5
0,0.9326536655426025,0.949999988079071
0,0.1119610145688057,0.05000000074505806
0,0.5450946092605591,0.5
0,0.37575945258140564,0.5
0,0.9321848154067993,0.949999988079071
0,0.30245524644851685,0.5
0,0.15291710197925568,0.05000000074505806
0,0.22885575890541077,0.5
0,0.9654572606086731,0.949999988079071
0,0.5398571491241455,0.5
0,0.9133910536766052,0.949999988079071
0,0.9463397264480591,0.949999988079071
0,0.31454694271087646,0.5
0,0.19908888638019562,0.05000000074505806
0,0.2361760288476944,0.5
0,0.9330260753631592,0.949999988079071
0,0.3926675617694855,0.5
0,0.3728947043418884,0.5
0,0.9427347183227539,0.949999988079071
0,0.35624420642852783,0.5
0,0.04345288127660751,0.05000000074505806
0,0.9659143686294556,0.949999988079071
0,0.3593708276748657,0.05000000074505806
0,0.3703622817993164,0.05000000074505806
0,0.483016699552536,0.5
0,0.4650810956954956,0.5
0,0.763175904750824,0.949999988079071
0,0.9439824223518372,0.949999988079071
0,0.37153592705726624,0.05000000074505806
0,0.9675292372703552,0.949999988079071
0,0.3099507987499237,0.5
0,0.2819741368293762,0.05000000074505806
0,0.9362894892692566,0.949999988079071
0,0.2862393856048584,0.05000000074505806
0,0.9608703851699829,0.949999988079071
0,0.381077378988266,0.5
0,0.30327722430229187,0.5
0,0.9340208768844604,0.949999988079071
0,0.30143582820892334,0.05000000074505806
0,0.35411763191223145,0.5
0,0.8516607284545898,0.5
0,0.921789824962616,0.949999988079071
0,0.8826481103897095,0.949999988079071
0,0.5121797919273376,0.5
0,0.33332014083862305,0.5
0,0.479480117559433,0.5
0,0.936259925365448,0.949999988079071
0,0.892050564289093,0.949999988079071
0,0.3392745852470398,0.5
0,0.9502878189086914,0.949999988079071
0,0.29697340726852417,0.05000000074505806
0,0.9537553191184998,0.949999988079071
0,0.9625860452651978,0.949999988079071
0,0.9221567511558533,0.949999988079071
0,0.907738447189331,0.949999988079071
0,0.951101541519165,0.949999988079071
0,0.2981049716472626,0.5
0,0.20661164820194244,0.5
0,0.9519778490066528,0.949999988079071
0,0.926856279373169,0.949999988079071
0,0.22292910516262054,0.05000000074505806
0,0.8925723433494568,0.949999988079071
0,0.1772964894771576,0.05000000074505806
0,0.21467430889606476,0.05000000074505806
0,0.5118013620376587,0.5
0,0.07929933816194534,0.5
0,0.9362398386001587,0.949999988079071
0,0.2672536075115204,0.5
0,0.46966734528541565,0.5
0,0.4303261637687683,0.949999988079071
0,0.9403597712516785,0.949999988079071
0,0.35276201367378235,0.5
0,0.9537263512611389,0.949999988079071
0,0.25740745663642883,0.05000000074505806
0,0.11925290524959564,0.5
0,0.27472203969955444,0.05000000074505806
0,0.24894434213638306,0.5
0,0.8533083200454712,0.949999988079071
0,0.27540290355682373,0.05000000074505806
0,0.26272329688072205,0.05000000074505806
0,0.9131980538368225,0.949999988079071
0,0.2926146388053894,0.5
0,0.20017018914222717,0.5
0,0.17009909451007843,0.5
0,0.9593096971511841,0.949999988079071
0,0.2913439869880676,0.5
0,0.26528823375701904,0.05000000074505806
0,0.9437366724014282,0.949999988079071
0,0.3310099244117737,0.5
0,0.9489809274673462,0.949999988079071
0,0.20131249725818634,0.5
0,0.08068803697824478,0.5
0,0.9046037793159485,0.949999988079071
0,0.9449865818023682,0.949999988079071
0,0.24848420917987823,0.05000000074505806
0,0.9105086326599121,0.949999988079071
0,0.9100970029830933,0.949999988079071
0,0.344878226518631,0.5
0,0.7719988822937012,0.5
0,0.8642001152038574,0.949999988079071
0,0.9623894691467285,0.949999988079071
0,0.2844206690788269,0.5
0,0.9417442679405212,0.949999988079071
0,0.5173411965370178,0.5
0,0.473794162273407,0.5
0,0.3992859423160553,0.5
0,0.9440398812294006,0.949999988079071
0,0.9029975533485413,0.949999988079071
0,0.30531051754951477,0.5
0,0.21383026242256165,0.5
0,0.25008249282836914,0.5
0,0.8961387872695923,0.949999988079071
0,0.24227914214134216,0.05000000074505806
0,0.2355114221572876,0.5
0,0.19026082754135132,0.05000000074505806
0,0.9413281083106995,0.949999988079071
0,0.29822883009910583,0.5
0,0.49247944355010986,0.5
0,0.9486401677131653,0.949999988079071
0,0.43839606642723083,0.5
0,0.3100332021713257,0.5
0,0.9512602686882019,0.949999988079071
0,0.2123177945613861,0.5
0,0.9528033137321472,0.949999988079071
0,0.9563563466072083,0.949999988079071
0,0.2123495638370514,0.5
0,0.3003174364566803,0.05000000074505806
0,0.7573436498641968,0.949999988079071
0,0.17486096918582916,0.05000000074505806
0,0.9473782181739807,0.949999988079071
0,0.41357433795928955,0.05000000074505806
0,0.933046817779541,0.949999988079071
0,0.7720639109611511,0.949999988079071
0,0.4869970381259918,0.5
0,0.9547052979469299,0.949999988079071
0,0.9485023617744446,0.949999988079071
0,0.33858487010002136,0.05000000074505806
0,0.9263932704925537,0.949999988079071
0,0.40826553106307983,0.5
0,0.9536020159721375,0.949999988079071
0,0.24934755265712738,0.5
0,0.24356402456760406,0.5
0,0.12174394726753235,0.5
0,0.4524257183074951,0.5
0,0.948447048664093,0.949999988079071
0,0.33155691623687744,0.5
0,0.30406415462493896,0.05000000074505806
0,0.3016640841960907,0.5
0,0.8724862337112427,0.949999988079071
0,0.9404505491256714,0.949999988079071
0,0.29770657420158386,0.5
0,0.5055118203163147,0.5
0,0.970078706741333,0.949999988079071
0,0.31422489881515503,0.5
0,0.8053736686706543,0.5
0,0.4926137328147888,0.05000000074505806
0,0.8834503889083862,0.949999988079071
0,0.32832783460617065,0.5
0,0.9360277056694031,0.949999988079071
0,0.22123032808303833,0.05000000074505806
0,0.9628108739852905,0.949999988079071
0,0.960727870464325,0.949999988079071
0,0.9523077011108398,0.949999988079071
0,0.3131735026836395,0.5
0,0.6411008238792419,0.5
0,0.9362266659736633,0.949999988079071
0,0.9007747173309326,0.949999988079071
0,0.3473718464374542,0.05000000074505806
0,0.3711065948009491,0.5
0,0.381382554769516,0.5
0,0.9309381246566772,0.949999988079071
0,0.24697306752204895,0.5
0,0.3565175235271454,0.5
0,0.37860482931137085,0.05000000074505806
0,0.9665932059288025,0.949999988079071
0,0.9475594162940979,0.949999988079071
0,0.9588766694068909,0.949999988079071
0,0.44660383462905884,0.5
0,0.5194040536880493,0.5
0,0.9516129493713379,0.949999988079071
0,0.9083780646324158,0.949999988079071
0,0.9362645149230957,0.949999988079071
0,0.8898505568504333,0.949999988079071
0,0.9309144616127014,0.949999988079071
0,0.9204772114753723,0.949999988079071
0,0.9598225355148315,0.949999988079071
0,0.20369982719421387,0.05000000074505806
0,0.2711561620235443,0.05000000074505806
0,0.4409201443195343,0.5
0,0.9463117718696594,0.949999988079071
0,0.9455035924911499,0.949999988079071
0,0.3098856806755066,0.5
0,0.8960515856742859,0.949999988079071
0,0.9618189930915833,0.949999988079071
0,0.14220590889453888,0.5
0,0.5913015604019165,0.949999988079071
0,0.29975706338882446,0.5
0,0.9433726072311401,0.949999988079071
0,0.2657422125339508,0.05000000074505806
0,0.9629868268966675,0.949999988079071
0,0.3983050286769867,0.5
0,0.9592586755752563,0.949999988079071
0,0.8523486852645874,0.949999988079071
0,0.36960920691490173,0.5
0,0.44075074791908264,0.5
0,0.2646774351596832,0.05000000074505806
0,0.907413125038147,0.949999988079071
0,0.9598088264465332,0.949999988079071
0,0.952384889125824,0.949999988079071
0,0.31804269552230835,0.5
0,0.26025599241256714,0.5
0,0.567380428314209,0.5
0,0.9111054539680481,0.949999988079071
0,0.1956489533185959,0.05000000074505806
0,0.9359831809997559,0.949999988079071
0,0.9641625881195068,0.949999988079071
0,0.4555225968360901,0.949999988079071
0,0.27192214131355286,0.5
0,0.9253758788108826,0.949999988079071
0,0.9429818391799927,0.949999988079071
0,0.9558641314506531,0.949999988079071
0,0.9473204612731934,0.949999988079071
0,0.4270934760570526,0.05000000074505806
0,0.8909231424331665,0.949999988079071
0,0.25650614500045776,0.05000000074505806
0,0.4352797269821167,0.5
0,0.9620809555053711,0.949999988079071
0,0.3165113627910614,0.5
0,0.2617284655570984,0.05000000074505806
0,0.15886855125427246,0.5
0,0.3156624138355255,0.5
0,0.19936835765838623,0.5
0,0.19335882365703583,0.5
0,0.2820079028606415,0.05000000074505806
0,0.2881794571876526,0.5
0,0.7584816217422485,0.949999988079071
0,0.3135238587856293,0.5
0,0.1275324672460556,0.5
0,0.3422539234161377,0.05000000074505806
0,0.40901026129722595,0.5
0,0.9611429572105408,0.949999988079071
0,0.756234347820282,0.949999988079071
0,0.79985111951828,0.949999988079071
0,0.37555187940597534,0.5
0,0.2978768050670624,0.05000000074505806
0,0.9480823278427124,0.949999988079071
0,0.9573992490768433,0.949999988079071
0,0.2488919049501419,0.5
0,0.7921401858329773,0.5
0,0.3691059648990631,0.5
0,0.3286266028881073,0.05000000074505806
0,0.9218488335609436,0.949999988079071
0,0.9540085792541504,0.949999988079071
0,0.9056203365325928,0.949999988079071
0,0.3085073232650757,0.5
0,0.29526808857917786,0.05000000074505806
0,0.8285104036331177,0.949999988079071
0,0.24239487946033478,0.5
0,0.23628219962120056,0.05000000074505806
0,0.6795105338096619,0.949999988079071
0,0.9368745684623718,0.949999988079071
0,0.3085126578807831,0.5
0,0.9478177428245544,0.949999988079071
0,0.9540454745292664,0.949999988079071
0,0.28379422426223755,0.05000000074505806
0,0.24751879274845123,0.5
0,0.14697742462158203,0.05000000074505806
0,0.8986753821372986,0.949999988079071
0,0.4016728699207306,0.5
0,0.22000209987163544,0.5
0,0.2857205867767334,0.5
0,0.8774336576461792,0.949999988079071
0,0.30761146545410156,0.5
0,0.9503173232078552,0.949999988079071
0,0.9304459095001221,0.949999988079071
0,0.933007001876831,0.949999988079071
0,0.3131212592124939,0.5
0,0.2910516560077667,0.5
0,0.9397717118263245,0.949999988079071
0,0.9189270734786987,0.949999988079071
0,0.46629029512405396,0.5
0,0.43118005990982056,0.5
0,0.8809242248535156,0.949999988079071
0,0.3913601040840149,0.5
0,0.9561725854873657,0.949999988079071
0,0.2987791895866394,0.5
0,0.1577092856168747,0.05000000074505806
0,0.39284786581993103,0.05000000074505806
0,0.3318140506744385,0.05000000074505806
0,0.9616316556930542,0.949999988079071
0,0.8097173571586609,0.949999988079071
0,0.912529468536377,0.949999988079071
0,0.9629870653152466,0.949999988079071
0,0.5665267705917358,0.5
0,0.3145592510700226,0.5
0,0.29860007762908936,0.05000000074505806
0,0.9538040161132812,0.949999988079071
0,0.244813933968544,0.05000000074505806
0,0.8660551905632019,0.949999988079071
0,0.8965075612068176,0.949999988079071
0,0.2668781876564026,0.05000000074505806
0,0.33204346895217896,0.05000000074505806
0,0.2698478400707245,0.05000000074505806
0,0.2690396308898926,0.5
0,0.3533777892589569,0.05000000074505806
0,0.8697358965873718,0.949999988079071
0,0.9620432257652283,0.949999988079071
0,0.9294442534446716,0.949999988079071
0,0.3217455744743347,0.5
0,0.18445172905921936,0.05000000074505806
0,0.23878106474876404,0.05000000074505806
0,0.8964625597000122,0.949999988079071
0,0.9597595930099487,0.949999988079071
0,0.09392433613538742,0.05000000074505806
0,0.26100799441337585,0.5
0,0.2867363691329956,0.5
0,0.45271793007850647,0.05000000074505806
0,0.22055424749851227,0.5
0,0.20014315843582153,0.05000000074505806
0,0.3283405303955078,0.5
0,0.9595487117767334,0.949999988079071
0,0.30092671513557434,0.5
0,0.6763214468955994,0.5
0,0.9439858198165894,0.949999988079071
0,0.9488731622695923,0.949999988079071
0,0.9528768062591553,0.949999988079071
0,0.3371581435203552,0.5
0,0.3200288414955139,0.5
0,0.8907644152641296,0.949999988079071
0,0.9577422738075256,0.949999988079071
0,0.2730412781238556,0.05000000074505806
0,0.7898765206336975,0.949999988079071
0,0.15995647013187408,0.05000000074505806
0,0.9088189601898193,0.949999988079071
0,0.18652357161045074,0.5
0,0.4138545095920563,0.5
0,0.18193376064300537,0.05000000074505806
0,0.767089307308197,0.5
0,0.24824747443199158,0.05000000074505806
0,0.3611706793308258,0.949999988079071
0,0.8940274119377136,0.949999988079071
0,0.3885350525379181,0.5
0,0.30913016200065613,0.05000000074505806
0,0.5373767614364624,0.5
0,0.26954585313796997,0.5
0,0.9406556487083435,0.949999988079071
0,0.9372859597206116,0.949999988079071
0,0.37520936131477356,0.5
0,0.9268211126327515,0.949999988079071
0,0.2102092057466507,0.5
0,0.35499680042266846,0.5
0,0.33624738454818726,0.05000000074505806
0,0.4724547564983368,0.5
0,0.25160712003707886,0.5
0,0.2627696692943573,0.5
0,0.25901326537132263,0.05000000074505806
0,0.9648064374923706,0.949999988079071
0,0.31045135855674744,0.5
0,0.22556443512439728,0.05000000074505806
0,0.4554891884326935,0.5
0,0.9699283838272095,0.949999988079071
0,0.37726131081581116,0.5
0,0.33195924758911133,0.5
0,0.2633598744869232,0.5
0,0.23244579136371613,0.05000000074505806
0,0.2343621850013733,0.05000000074505806
0,0.9492731094360352,0.949999988079071
0,0.2874939739704132,0.05000000074505806
0,0.9261899590492249,0.949999988079071
0,0.935479462146759,0.949999988079071
0,0.9671164155006409,0.949999988079071
0,0.35160189867019653,0.5
0,0.2751511037349701,0.05000000074505806
0,0.9266576170921326,0.949999988079071
0,0.302424818277359,0.5
0,0.2767867147922516,0.05000000074505806
0,0.3753466010093689,0.5
0,0.23031625151634216,0.5
0,0.9192686676979065,0.949999988079071
0,0.32036787271499634,0.5
0,0.2936214804649353,0.5
0,0.17630471289157867,0.05000000074505806
0,0.9526205658912659,0.949999988079071
0,0.3786299526691437,0.5
0,0.9458066821098328,0.949999988079071
0,0.946431040763855,0.949999988079071
0,0.9407038688659668,0.949999988079071
0,0.3083828091621399,0.05000000074505806
0,0.26487356424331665,0.05000000074505806
0,0.9202041625976562,0.949999988079071
0,0.9475799798965454,0.949999988079071
0,0.9581807255744934,0.949999988079071
0,0.9390238523483276,0.949999988079071
0,0.9577028155326843,0.949999988079071
0,0.3081893026828766,0.5
0,0.5797833800315857,0.5
0,0.11606387794017792,0.05000000074505806
0,0.1944219022989273,0.05000000074505806
0,0.9549567103385925,0.949999988079071
0,0.5500481128692627,0.5
0,0.9368768334388733,0.949999988079071
0,0.28826043009757996,0.05000000074505806
0,0.9538202881813049,0.949999988079071
0,0.2846091687679291,0.5
0,0.26463186740875244,0.5
0,0.9631463885307312,0.949999988079071
0,0.9221553802490234,0.949999988079071
0,0.5669313669204712,0.5
0,0.8930186033248901,0.949999988079071
0,0.9016052484512329,0.949999988079071
0,0.26343002915382385,0.05000000074505806
0,0.9455030560493469,0.949999988079071
0,0.8874378800392151,0.949999988079071
0,0.33764874935150146,0.5
0,0.45503872632980347,0.949999988079071
0,0.8603813648223877,0.949999988079071
0,0.8632747530937195,0.949999988079071
0,0.9436336755752563,0.949999988079071
0,0.30150726437568665,0.5
0,0.21136251091957092,0.05000000074505806
0,0.9414503574371338,0.949999988079071
0,0.927592933177948,0.949999988079071
0,0.9603778719902039,0.949999988079071
0,0.9525806307792664,0.949999988079071
0,0.8123420476913452,0.949999988079071
0,0.36643803119659424,0.949999988079071
0,0.3395272195339203,0.5
0,0.27133628726005554,0.05000000074505806
0,0.2888227701187134,0.05000000074505806
0,0.24757854640483856,0.5
0,0.2428339421749115,0.05000000074505806
0,0.2987512946128845,0.5
0,0.3184562921524048,0.5
0,0.3063558042049408,0.5
0,0.6962445378303528,0.5
0,0.3614249527454376,0.05000000074505806
0,0.8485910892486572,0.949999988079071
0,0.9522846937179565,0.949999988079071
0,0.3257378339767456,0.05000000074505806
0,0.29040566086769104,0.5
0,0.9570820927619934,0.949999988079071
0,0.2763943076133728,0.5
0,0.9402881860733032,0.949999988079071
0,0.9590462446212769,0.949999988079071
0,0.28066036105155945,0.5
0,0.2968537211418152,0.05000000074505806
0,0.32190772891044617,0.05000000074505806
0,0.35009872913360596,0.5
0,0.3679221272468567,0.5
0,0.3206830322742462,0.05000000074505806
0,0.2853347361087799,0.5
0,0.1830987185239792,0.5
0,0.46665287017822266,0.5
0,0.961426854133606,0.949999988079071
0,0.2495766282081604,0.5
0,0.23859545588493347,0.5
0,0.28622758388519287,0.05000000074505806
0,0.2233123779296875,0.5
0,0.4171030819416046,0.5
0,0.9442834258079529,0.949999988079071
0,0.16618932783603668,0.5
0,0.6097742915153503,0.949999988079071
0,0.9589225053787231,0.949999988079071
0,0.2507496476173401,0.05000000074505806
0,0.3819587230682373,0.05000000074505806
0,0.5551052093505859,0.5
0,0.9442685842514038,0.949999988079071
0,0.9217804670333862,0.949999988079071
0,0.11593920737504959,0.05000000074505806
0,0.2594561278820038,0.05000000074505806
0,0.41105490922927856,0.5
0,0.2109348624944687,0.05000000074505806
0,0.9539801478385925,0.949999988079071
0,0.946209192276001,0.949999988079071
0,0.9013583660125732,0.949999988079071
0,0.9459524750709534,0.949999988079071
0,0.9570885300636292,0.949999988079071
0,0.26024767756462097,0.05000000074505806
0,0.43589848279953003,0.05000000074505806
0,0.10605594515800476,0.05000000074505806
0,0.9466607570648193,0.949999988079071
0,0.7908385396003723,0.949999988079071
0,0.8157320022583008,0.949999988079071
0,0.910167932510376,0.949999988079071
0,0.9515206813812256,0.949999988079071
0,0.8089112043380737,0.949999988079071
0,0.5185204148292542,0.5
0,0.9541786313056946,0.949999988079071
0,0.9570239782333374,0.949999988079071
0,0.33888551592826843,0.5
0,0.9498381614685059,0.949999988079071
0,0.3631012737751007,0.05000000074505806
0,0.2949433922767639,0.5
0,0.22355790436267853,0.5
0,0.9513895511627197,0.949999988079071
0,0.4244309663772583,0.5
0,0.27185162901878357,0.05000000074505806
0,0.37741729617118835,0.05000000074505806
0,0.26835694909095764,0.5
0,0.28864219784736633,0.5
0,0.9357718825340271,0.949999988079071
0,0.21242067217826843,0.05000000074505806
0,0.20227445662021637,0.5
0,0.7203130722045898,0.949999988079071
0,0.9058980941772461,0.949999988079071
0,0.9266393184661865,0.949999988079071
0,0.21467731893062592,0.05000000074505806
0,0.37774190306663513,0.5
0,0.42670226097106934,0.5
0,0.9432377815246582,0.949999988079071
0,0.28593355417251587,0.5
0,0.36665040254592896,0.05000000074505806
0,0.9418973922729492,0.949999988079071
0,0.14255335927009583,0.05000000074505806
0,0.5695748329162598,0.949999988079071
0,0.24749843776226044,0.5
0,0.266044557094574,0.05000000074505806
0,0.9567516446113586,0.949999988079071
0,0.30777910351753235,0.5
0,0.4505396783351898,0.5
0,0.43636295199394226,0.05000000074505806
0,0.9075737595558167,0.949999988079071
0,0.9348950982093811,0.949999988079071
0,0.9253062605857849,0.949999988079071
0,0.9501582384109497,0.949999988079071
0,0.23804044723510742,0.05000000074505806
0,0.20553918182849884,0.05000000074505806
0,0.9474471211433411,0.949999988079071
0,0.6925201416015625,0.949999988079071
0,0.24373698234558105,0.5
0,0.9482907056808472,0.949999988079071
0,0.23402439057826996,0.05000000074505806
0,0.9534544944763184,0.949999988079071
0,0.26755061745643616,0.05000000074505806
0,0.39628759026527405,0.5
0,0.4262642562389374,0.05000000074505806
0,0.3062114417552948,0.5
0,0.23571699857711792,0.5
0,0.9588111639022827,0.949999988079071
0,0.40711918473243713,0.5
0,0.9654622673988342,0.949999988079071
0,0.29968371987342834,0.5
0,0.9586582779884338,0.949999988079071
0,0.34115222096443176,0.05000000074505806
0,0.28695979714393616,0.05000000074505806
0,0.9528859853744507,0.949999988079071
0,0.3207901120185852,0.5
0,0.20498012006282806,0.5
0,0.9634150266647339,0.949999988079071
0,0.5265747308731079,0.5
0,0.27711784839630127,0.5
0,0.30259591341018677,0.5
0,0.9487309455871582,0.949999988079071
0,0.23798052966594696,0.5
0,0.3234061002731323,0.5
0,0.1725258231163025,0.05000000074505806
0,0.7391180992126465,0.949999988079071
0,0.9597419500350952,0.949999988079071
0,0.9648149013519287,0.949999988079071
0,0.9489596486091614,0.949999988079071
0,0.9480374455451965,0.949999988079071
0,0.924961268901825,0.949999988079071
0,0.13470783829689026,0.5
0,0.9173170924186707,0.949999988079071
0,0.45816004276275635,0.5
0,0.940038800239563,0.949999988079071
0,0.9596431255340576,0.949999988079071
0,0.2829945981502533,0.5
0,0.9523646831512451,0.949999988079071
0,0.946295440196991,0.949999988079071
0,0.6610327959060669,0.5
0,0.2481941282749176,0.05000000074505806
0,0.9564865231513977,0.949999988079071
0,0.24007712304592133,0.05000000074505806
0,0.4543077051639557,0.5
0,0.3429933786392212,0.5
0,0.22123593091964722,0.5
0,0.4261247217655182,0.5
0,0.94034343957901,0.949999988079071
0,0.3546365201473236,0.05000000074505806
0,0.8299515843391418,0.949999988079071
0,0.29416361451148987,0.05000000074505806
0,0.4397503733634949,0.5
0,0.32570967078208923,0.05000000074505806
0,0.22332438826560974,0.05000000074505806
0,0.6192549467086792,0.5
0,0.25449901819229126,0.05000000074505806
0,0.1943894326686859,0.05000000074505806
0,0.29103273153305054,0.05000000074505806
0,0.18869079649448395,0.05000000074505806
0,0.5752965807914734,0.5
0,0.34829825162887573,0.5
0,0.9242367148399353,0.949999988079071
0,0.36606264114379883,0.5
0,0.3465611934661865,0.5
0,0.2657933533191681,0.5
0,0.23433169722557068,0.5
0,0.4141727387905121,0.5
0,0.9453043341636658,0.949999988079071
0,0.31879961490631104,0.5
0,0.7951244711875916,0.5
0,0.7096078991889954,0.949999988079071
0,0.4610389769077301,0.5
0,0.925449550151825,0.949999988079071
0,0.9328513741493225,0.949999988079071
0,0.25110578536987305,0.05000000074505806
0,0.2993485629558563,0.5
0,0.30701276659965515,0.05000000074505806
0,0.45289772748947144,0.05000000074505806
0,0.45850351452827454,0.5
0,0.31592217087745667,0.5
0,0.9197216033935547,0.949999988079071
0,0.4486243724822998,0.5
0,0.9266176223754883,0.949999988079071
0,0.306386798620224,0.5
0,0.3458521068096161,0.5
0,0.19422392547130585,0.05000000074505806
0,0.7938773036003113,0.949999988079071
0,0.8839353322982788,0.949999988079071
0,0.9584404230117798,0.949999988079071
0,0.3649568557739258,0.5
0,0.33056342601776123,0.5
0,0.889351487159729,0.949999988079071
0,0.9028850793838501,0.949999988079071
0,0.14237108826637268,0.05000000074505806
0,0.20528602600097656,0.5
0,0.16824084520339966,0.05000000074505806
0,0.7439014911651611,0.949999988079071
0,0.8173179626464844,0.949999988079071
0,0.366461843252182,0.05000000074505806
0,0.25393810868263245,0.05000000074505806
0,0.9552655220031738,0.949999988079071
0,0.25177711248397827,0.5
0,0.22199775278568268,0.5
0,0.5363665819168091,0.5
0,0.8542004227638245,0.949999988079071
0,0.9676465392112732,0.949999988079071
0,0.9615952372550964,0.949999988079071
0,0.3270866274833679,0.5
0,0.4242843687534332,0.05000000074505806
0,0.2854986786842346,0.5
0,0.4760109782218933,0.949999988079071
0,0.21113619208335876,0.05000000074505806
0,0.9192566871643066,0.949999988079071
0,0.9609648585319519,0.949999988079071
0,0.9335530400276184,0.949999988079071
0,0.24065688252449036,0.5
0,0.9475551247596741,0.949999988079071
0,0.9548521041870117,0.949999988079071
0,0.2711860239505768,0.05000000074505806
0,0.9436721801757812,0.949999988079071
0,0.3168224096298218,0.5
0,0.9425129890441895,0.949999988079071
0,0.9543667435646057,0.949999988079071
0,0.815731406211853,0.5
0,0.1936170607805252,0.05000000074505806
0,0.9359596967697144,0.949999988079071
0,0.5375295877456665,0.5
0,0.9490965604782104,0.949999988079071
0,0.32983437180519104,0.5
0,0.911589503288269,0.949999988079071
0,0.11870340257883072,0.05000000074505806
0,0.06698553264141083,0.5
0,0.9591721892356873,0.949999988079071
0,0.6689372062683105,0.5
0,0.47210046648979187,0.5
0,0.8570948839187622,0.949999988079071
0,0.444369375705719,0.5
0,0.9415202140808105,0.949999988079071
0,0.22522325813770294,0.05000000074505806
0,0.9439734816551208,0.949999988079071
0,0.18178899586200714,0.05000000074505806
0,0.24961549043655396,0.05000000074505806
0,0.233969584107399,0.5
0,0.2607188820838928,0.5
0,0.9495338201522827,0.949999988079071
0,0.2934737503528595,0.05000000074505806
0,0.9548357129096985,0.949999988079071
0,0.15843698382377625,0.05000000074505806
0,0.206007719039917,0.05000000074505806
0,0.23202665150165558,0.5
0,0.413329154253006,0.5
0,0.9290452599525452,0.949999988079071
0,0.9374378323554993,0.949999988079071
0,0.9237940311431885,0.949999988079071
0,0.9540359377861023,0.949999988079071
0,0.36139151453971863,0.5
0,0.9316899180412292,0.949999988079071
0,0.9323383569717407,0.949999988079071
0,0.11374969780445099,0.5
0,0.9524368047714233,0.949999988079071
0,0.40703678131103516,0.5
0,0.7553775310516357,0.5
0,0.8909150958061218,0.949999988079071
0,0.15717341005802155,0.05000000074505806
0,0.9391606450080872,0.949999988079071
0,0.6147571802139282,0.5
0,0.31988149881362915,0.5
0,0.9362450838088989,0.949999988079071
0,0.49976080656051636,0.5
0,0.6715497374534607,0.5
0,0.3314664959907532,0.5
0,0.9439472556114197,0.949999988079071
0,0.6120516657829285,0.949999988079071
0,0.27380886673927307,0.5
0,0.94818514585495,0.949999988079071
0,0.9595175385475159,0.949999988079071
0,0.9348313212394714,0.949999988079071
0,0.11120396852493286,0.05000000074505806
0,0.9728884696960449,0.949999988079071
0,0.17734582722187042,0.5
0,0.3321009874343872,0.5
0,0.9396066665649414,0.949999988079071
0,0.9191829562187195,0.949999988079071
0,0.9504395723342896,0.949999988079071
0,0.21307426691055298,0.05000000074505806
0,0.849867582321167,0.5
0,0.9479209780693054,0.949999988079071
0,0.22281670570373535,0.5
0,0.4566262662410736,0.5
0,0.4446713626384735,0.5
0,0.9493058919906616,0.949999988079071
0,0.20442742109298706,0.5
0,0.33028578758239746,0.5
0,0.2738548815250397,0.5
0,0.8886507749557495,0.949999988079071
0,0.2743292450904846,0.5
0,0.7861440181732178,0.949999988079071
0,0.5874618887901306,0.949999988079071
0,0.1971116065979004,0.05000000074505806
0,0.3064627945423126,0.5
0,0.8091697096824646,0.949999988079071
0,0.21801671385765076,0.05000000074505806
0,0.8353112936019897,0.949999988079071
0,0.8660094141960144,0.5
0,0.9558524489402771,0.949999988079071
0,0.9055746793746948,0.949999988079071
0,0.9503951072692871,0.949999988079071
0,0.9483526945114136,0.949999988079071
0,0.9354436993598938,0.949999988079071
0,0.24205170571804047,0.05000000074505806
0,0.32327547669410706,0.5
0,0.9506674408912659,0.949999988079071
0,0.18606387078762054,0.5
0,0.4249109923839569,0.5
0,0.6472296118736267,0.5
0,0.3183740973472595,0.5
0,0.2164492905139923,0.05000000074505806
0,0.2455628663301468,0.5
0,0.515685498714447,0.5
0,0.37904682755470276,0.05000000074505806
0,0.6525282263755798,0.05000000074505806
0,0.966802179813385,0.949999988079071
0,0.24375562369823456,0.5
0,0.9344499707221985,0.949999988079071
0,0.18288078904151917,0.5
0,0.732090175151825,0.949999988079071
0,0.4168545603752136,0.5
0,0.8375066518783569,0.949999988079071
0,0.3343886137008667,0.5
0,0.27147045731544495,0.05000000074505806
0,0.14664416015148163,0.5
0,0.27159884572029114,0.5
0,0.33131644129753113,0.5
0,0.9050377011299133,0.949999988079071
0,0.32942289113998413,0.5
0,0.9535830616950989,0.949999988079071
0,0.9552910923957825,0.949999988079071
0,0.9214178919792175,0.949999988079071
0,0.279601514339447,0.05000000074505806
0,0.2741742432117462,0.5
0,0.9577103853225708,0.949999988079071
0,0.5548108220100403,0.5
0,0.26421859860420227,0.05000000074505806
0,0.2963053286075592,0.05000000074505806
0,0.2554361820220947,0.05000000074505806
0,0.30584684014320374,0.05000000074505806
0,0.20236466825008392,0.05000000074505806
0,0.969581663608551,0.949999988079071
0,0.25267305970191956,0.5
0,0.5457721948623657,0.5
0,0.7285805344581604,0.949999988079071
0,0.8720928430557251,0.949999988079071
0,0.85209059715271,0.949999988079071
0,0.33680474758148193,0.05000000074505806
0,0.5064340829849243,0.949999988079071
0,0.2667771577835083,0.5
0,0.5243355631828308,0.5
0,0.371042400598526,0.5
0,0.2150333672761917,0.5
0,0.44566065073013306,0.5
0,0.36183875799179077,0.05000000074505806
0,0.9090173840522766,0.949999988079071
0,0.8296204805374146,0.949999988079071
0,0.948373556137085,0.949999988079071
0,0.5207387804985046,0.5
0,0.9630779027938843,0.949999988079071
0,0.30568116903305054,0.5
0,0.45571210980415344,0.05000000074505806
0,0.2674714922904968,0.5
0,0.2980955243110657,0.05000000074505806
0,0.8382839560508728,0.949999988079071
0,0.2920451760292053,0.5
0,0.9532216787338257,0.949999988079071
0,0.21020594239234924,0.5
0,0.8430216312408447,0.949999988079071
0,0.34354671835899353,0.5
0,0.9452781081199646,0.949999988079071
0,0.4524172246456146,0.5
0,0.35228613018989563,0.5
0,0.29111745953559875,0.5
0,0.9162188768386841,0.949999988079071
0,0.2465759664773941,0.05000000074505806
0,0.28549861907958984,0.05000000074505806
0,0.22416481375694275,0.05000000074505806
0,0.947282612323761,0.949999988079071
0,0.9017215371131897,0.949999988079071
0,0.9392850399017334,0.949999988079071
0,0.865770697593689,0.949999988079071
0,0.9484607577323914,0.949999988079071
0,0.5912503004074097,0.949999988079071
0,0.22079458832740784,0.5
0,0.7676302194595337,0.05000000074505806
0,0.8442157506942749,0.949999988079071
0,0.9503751397132874,0.949999988079071
0,0.9445164799690247,0.949999988079071
0,0.9465936422348022,0.949999988079071
0,0.3195948898792267,0.5
0,0.37792712450027466,0.5
0,0.8128448724746704,0.949999988079071
0,0.8822009563446045,0.949999988079071
0,0.30779919028282166,0.05000000074505806
0,0.19593578577041626,0.5
0,0.9606602191925049,0.949999988079071
0,0.9399509429931641,0.949999988079071
0,0.7012096643447876,0.949999988079071
0,0.951063334941864,0.949999988079071
0,0.9368769526481628,0.949999988079071
0,0.2980283796787262,0.5
0,0.9361794590950012,0.949999988079071
0,0.9156275391578674,0.949999988079071
0,0.2819525897502899,0.5
0,0.2705455422401428,0.5
0,0.23155352473258972,0.05000000074505806
0,0.228756383061409,0.5
0,0.7547151446342468,0.949999988079071
0,0.31547796726226807,0.05000000074505806
0,0.3578081727027893,0.05000000074505806
0,0.27757468819618225,0.5
0,0.9478214979171753,0.949999988079071
0,0.9712342023849487,0.949999988079071
0,0.7062987089157104,0.5
0,0.9494687914848328,0.949999988079071
0,0.21373382210731506,0.05000000074505806
0,0.31286782026290894,0.5
0,0.41265517473220825,0.949999988079071
0,0.07991726696491241,0.5
0,0.9570594429969788,0.949999988079071
0,0.4676685333251953,0.5
0,0.4122292995452881,0.5
0,0.3286476731300354,0.5
0,0.45271968841552734,0.5
0,0.9219042658805847,0.949999988079071
0,0.9264801740646362,0.949999988079071
0,0.9210294485092163,0.949999988079071
0,0.22651049494743347,0.5
0,0.8936787843704224,0.949999988079071
0,0.26634448766708374,0.05000000074505806
0,0.2417527586221695,0.05000000074505806
0,0.29283055663108826,0.05000000074505806
0,0.11229503154754639,0.5
0,0.7343058586120605,0.949999988079071
0,0.4146420359611511,0.5
0,0.3110607862472534,0.5
0,0.36406993865966797,0.5
0,0.9105481505393982,0.949999988079071
0,0.30402061343193054,0.5
0,0.4975886940956116,0.5
0,0.31652843952178955,0.05000000074505806
0,0.30292290449142456,0.05000000074505806
0,0.9379797577857971,0.949999988079071
0,0.9555507302284241,0.949999988079071
0,0.9437210559844971,0.949999988079071
0,0.9498257040977478,0.949999988079071
0,0.2883654236793518,0.05000000074505806
0,0.9179810285568237,0.949999988079071
0,0.3168863356113434,0.5
0,0.30708447098731995,0.5
0,0.41442808508872986,0.05000000074505806
0,0.6567564010620117,0.949999988079071
0,0.943527102470398,0.949999988079071
0,0.9649297595024109,0.949999988079071
0,0.9581649899482727,0.949999988079071
0,0.30415859818458557,0.05000000074505806
0,0.9285188317298889,0.949999988079071
0,0.15763220191001892,0.5
0,0.9409732222557068,0.949999988079071
0,0.2534865438938141,0.5
0,0.8346664905548096,0.949999988079071
0,0.18726077675819397,0.05000000074505806
0,0.9531114101409912,0.949999988079071
0,0.9595142602920532,0.949999988079071
0,0.3761877119541168,0.5
0,0.27511489391326904,0.5
0,0.2987080216407776,0.5
0,0.2222563773393631,0.05000000074505806
0,0.7740522623062134,0.5
0,0.9105245471000671,0.949999988079071
0,0.38208913803100586,0.5
0,0.9615386128425598,0.949999988079071
0,0.32965630292892456,0.5
0,0.9355682730674744,0.949999988079071
0,0.3340270519256592,0.5
0,0.38811638951301575,0.5
0,0.9507420063018799,0.949999988079071
0,0.25673410296440125,0.05000000074505806
0,0.9446268081665039,0.949999988079071
0,0.9479999542236328,0.949999988079071
0,0.7275421023368835,0.949999988079071
0,0.9436821937561035,0.949999988079071
0,0.30166471004486084,0.05000000074505806
0,0.853113055229187,0.5
0,0.46434763073921204,0.05000000074505806
0,0.39446234703063965,0.5
0,0.937210738658905,0.949999988079071
0,0.3520367741584778,0.5
0,0.5465743541717529,0.5
0,0.9638134241104126,0.949999988079071
0,0.96260666847229,0.949999988079071
0,0.1895499974489212,0.05000000074505806
0,0.28247877955436707,0.5
0,0.10006505250930786,0.05000000074505806
0,0.31661170721054077,0.05000000074505806
0,0.9705902934074402,0.949999988079071
0,0.948091447353363,0.949999988079071
0,0.9578289985656738,0.949999988079071
0,0.9396186470985413,0.949999988079071
0,0.9615579843521118,0.949999988079071
0,0.9410345554351807,0.949999988079071
0,0.499521940946579,0.5
0,0.19548217952251434,0.5
0,0.35008329153060913,0.05000000074505806
0,0.40613603591918945,0.5
0,0.9504685997962952,0.949999988079071
0,0.20928364992141724,0.5
0,0.932378888130188,0.949999988079071
0,0.19059257209300995,0.05000000074505806
0,0.9483960866928101,0.949999988079071
0,0.2917866110801697,0.05000000074505806
0,0.3269043564796448,0.05000000074505806
0,0.2927854657173157,0.5
0,0.2194882482290268,0.5
0,0.42781171202659607,0.5
0,0.9549172520637512,0.949999988079071
0,0.9471310377120972,0.949999988079071
0,0.16636981070041656,0.05000000074505806
