,gold_labels,predictions
0,0.05,0.3961278796195984
1,0.5,0.6213505268096924
2,0.95,0.9021118879318237
3,0.5,0.4881782829761505
4,0.5,0.6152055263519287
5,0.5,0.38066643476486206
6,0.5,0.8007394075393677
7,0.5,0.6520103216171265
8,0.5,0.32941484451293945
9,0.95,0.8261533379554749
10,0.95,0.847669243812561
11,0.5,0.589144766330719
12,0.95,0.9670094847679138
13,0.5,0.5784211158752441
14,0.5,0.2430340051651001
15,0.5,0.32233983278274536
16,0.5,0.3570772409439087
17,0.05,0.12589460611343384
18,0.05,0.11263870447874069
19,0.95,0.9455682635307312
20,0.05,0.02881169691681862
21,0.05,0.2031140923500061
22,0.05,0.009987752884626389
23,0.5,0.37673816084861755
24,0.95,0.9015851020812988
25,0.95,0.9456249475479126
26,0.5,0.46788766980171204
27,0.95,0.9683555364608765
28,0.95,0.8412665128707886
29,0.5,0.4520854353904724
30,0.5,0.5454838275909424
31,0.95,0.46911731362342834
32,0.95,0.9447000026702881
33,0.5,0.34034764766693115
34,0.05,0.08734209835529327
35,0.95,0.9093334674835205
36,0.95,0.5109111070632935
37,0.5,0.8598904609680176
38,0.05,0.08805227279663086
39,0.5,0.6481635570526123
40,0.05,0.049324098974466324
41,0.5,0.4689841866493225
42,0.95,0.8954558372497559
43,0.5,0.46739721298217773
44,0.5,0.5580826997756958
45,0.05,-0.008633779361844063
46,0.95,0.9547232389450073
47,0.05,0.040135517716407776
48,0.05,0.08045941591262817
49,0.95,0.9564232230186462
50,0.5,0.44446447491645813
51,0.5,0.35363638401031494
52,0.95,0.8417010307312012
53,0.5,0.4264882206916809
54,0.95,0.963007926940918
55,0.95,0.9680179357528687
56,0.95,0.961388349533081
57,0.95,0.9670592546463013
58,0.95,0.9637249708175659
59,0.5,0.1701614260673523
60,0.5,0.3989722728729248
61,0.5,0.4876469373703003
62,0.05,0.24403944611549377
63,0.5,0.27110713720321655
64,0.05,0.1070437878370285
65,0.5,0.7271260619163513
66,0.95,0.9036421775817871
67,0.5,0.4732380509376526
68,0.5,0.4604513645172119
69,0.95,0.8987802267074585
70,0.95,0.9660004377365112
71,0.95,0.9398406744003296
72,0.5,0.6119374632835388
73,0.05,-0.0008818507194519043
74,0.5,0.40596914291381836
75,0.95,0.7848992943763733
76,0.5,0.3675305247306824
77,0.5,0.4303584396839142
78,0.05,0.2236413061618805
79,0.95,0.8766399621963501
80,0.05,0.015884514898061752
81,0.95,0.9720552563667297
82,0.05,0.020810870453715324
83,0.95,0.9493826627731323
84,0.05,0.2227526754140854
85,0.05,0.19121521711349487
86,0.5,0.5909895896911621
87,0.5,0.3694024085998535
88,0.5,0.5932843685150146
89,0.5,0.40049898624420166
90,0.95,0.955628514289856
91,0.5,0.5616217255592346
92,0.05,0.24409954249858856
93,0.5,0.46243202686309814
94,0.05,0.23678860068321228
95,0.5,0.4480820298194885
96,0.5,0.6799875497817993
97,0.95,0.9102640748023987
98,0.05,0.5544838309288025
99,0.95,0.9567805528640747
100,0.05,0.18604974448680878
101,0.05,0.039519742131233215
102,0.95,0.9753764867782593
103,0.95,0.960404098033905
104,0.05,0.05301003158092499
105,0.05,0.3633699417114258
106,0.5,0.7331321239471436
107,0.95,0.9032463431358337
108,0.95,0.9605764150619507
109,0.05,0.09734190255403519
110,0.95,0.8590250611305237
111,0.95,0.9425288438796997
112,0.95,0.929598867893219
113,0.5,0.40985170006752014
114,0.95,0.8965787291526794
115,0.5,0.16855517029762268
116,0.95,0.9623861312866211
117,0.5,0.4549180865287781
118,0.95,0.9646750688552856
119,0.5,0.31471771001815796
120,0.95,0.9055581092834473
121,0.05,0.4053589701652527
122,0.95,0.9088134765625
123,0.5,0.5832357406616211
124,0.95,0.9270973205566406
125,0.95,0.8069985508918762
126,0.95,0.8823702335357666
127,0.95,0.9419971704483032
128,0.5,0.618526816368103
129,0.05,0.26665347814559937
130,0.05,0.36897704005241394
131,0.5,0.3068811297416687
132,0.05,0.14936457574367523
133,0.5,0.521884024143219
134,0.95,0.9675456881523132
135,0.95,0.8902859687805176
136,0.95,0.9736269116401672
137,0.95,0.9131898880004883
138,0.05,-0.026064828038215637
139,0.5,0.5001423954963684
140,0.95,0.8968648314476013
141,0.5,0.16380034387111664
142,0.95,0.8759564161300659
143,0.5,0.5184251070022583
144,0.95,0.9584662914276123
145,0.05,0.06061077117919922
146,0.5,0.3997732400894165
147,0.5,0.45106059312820435
148,0.95,0.9701125621795654
149,0.95,0.9488898515701294
150,0.5,0.567085325717926
151,0.5,0.593639612197876
152,0.95,0.9823589324951172
153,0.95,0.9606850743293762
154,0.95,0.8741557598114014
155,0.05,-0.020773600786924362
156,0.95,0.9503977298736572
157,0.5,0.6490143537521362
158,0.5,0.4602568745613098
159,0.05,0.2657328248023987
160,0.5,0.33738604187965393
161,0.5,0.3197758197784424
162,0.5,0.6640373468399048
163,0.05,0.09627734869718552
164,0.95,0.8216979503631592
165,0.95,0.9463750720024109
166,0.5,0.6046439409255981
167,0.95,0.9611172676086426
168,0.95,0.8506568670272827
169,0.95,0.8612719774246216
170,0.95,0.8718543648719788
171,0.05,-0.005475763231515884
172,0.95,0.9592996835708618
173,0.5,0.5149440765380859
174,0.95,0.6447861194610596
175,0.95,0.9663803577423096
176,0.95,0.922733724117279
177,0.95,0.9423364400863647
178,0.95,0.9589255452156067
179,0.5,0.46548697352409363
180,0.5,0.3676980435848236
181,0.5,0.5744119882583618
182,0.5,0.5807725191116333
183,0.5,0.5300918817520142
184,0.95,0.9115152359008789
185,0.95,0.9653481245040894
186,0.5,0.5239143371582031
187,0.5,0.5756525993347168
188,0.95,0.9651495814323425
189,0.5,0.44035568833351135
190,0.95,0.8975706100463867
191,0.95,0.9051814079284668
192,0.5,0.4501670300960541
193,0.95,0.8809263110160828
194,0.95,0.9549928307533264
195,0.95,0.9672836065292358
196,0.95,0.8417378664016724
197,0.95,0.8513175249099731
198,0.5,0.5989890098571777
199,0.95,0.910184383392334
200,0.95,0.8905866742134094
201,0.5,0.45641300082206726
202,0.95,0.913897693157196
203,0.05,0.031618185341358185
204,0.95,0.958014965057373
205,0.5,0.5673427581787109
206,0.5,0.5499465465545654
207,0.05,0.27987954020500183
208,0.5,0.5350872278213501
209,0.95,0.9330795407295227
210,0.95,0.9459613561630249
211,0.95,0.9616694450378418
212,0.5,0.42505255341529846
213,0.95,0.9464613199234009
214,0.95,0.946313738822937
215,0.05,0.39891454577445984
216,0.5,0.649115800857544
217,0.5,0.46974673867225647
218,0.05,0.02923746593296528
219,0.05,0.03830115869641304
220,0.5,0.5280923843383789
221,0.5,0.2415832281112671
222,0.05,0.03149932622909546
223,0.05,0.25123417377471924
224,0.95,0.9210918545722961
225,0.05,0.08875054121017456
226,0.95,0.9176380038261414
227,0.95,0.7006340026855469
228,0.5,0.5023508667945862
229,0.5,0.5152667164802551
230,0.5,0.49001264572143555
231,0.5,0.010552426800131798
232,0.5,0.5223930478096008
233,0.95,0.9239740371704102
234,0.5,0.27644842863082886
235,0.5,0.524073600769043
236,0.5,0.45165038108825684
237,0.5,0.6092053651809692
238,0.5,0.33686137199401855
239,0.5,0.4574361741542816
240,0.5,0.5051714181900024
241,0.5,0.6876316666603088
242,0.95,0.9180196523666382
243,0.5,0.5426057577133179
244,0.95,0.888573408126831
245,0.05,0.36911946535110474
246,0.95,0.8872647285461426
247,0.5,0.6187037229537964
248,0.5,0.4240632951259613
249,0.5,0.4300026297569275
250,0.5,0.3059273660182953
251,0.05,-0.023021016269922256
252,0.95,0.9705634117126465
253,0.95,0.9571563601493835
254,0.05,0.09294845163822174
255,0.5,0.41790395975112915
256,0.5,0.4402587115764618
257,0.5,0.2664518654346466
258,0.95,0.9444396495819092
259,0.5,0.38326936960220337
260,0.5,0.3506147563457489
261,0.5,0.6213074922561646
262,0.05,0.08519486337900162
263,0.05,0.2386692464351654
264,0.05,0.08025912940502167
265,0.95,0.9405978918075562
266,0.95,0.9631013870239258
267,0.05,0.01802118867635727
268,0.95,0.8915055394172668
269,0.5,0.35544562339782715
270,0.95,0.9607709050178528
271,0.95,0.9281290769577026
272,0.5,0.10473773628473282
273,0.5,0.19138552248477936
274,0.5,0.4309936761856079
275,0.95,0.9279468655586243
276,0.95,0.932681679725647
277,0.5,0.41404375433921814
278,0.5,0.14511433243751526
279,0.95,0.9497899413108826
280,0.05,0.007753383368253708
281,0.05,0.293352335691452
282,0.95,0.9566185474395752
283,0.95,0.8043019771575928
284,0.05,0.18745402991771698
285,0.5,0.5710445642471313
286,0.95,0.8828781247138977
287,0.5,0.1964673399925232
288,0.95,0.9094300866127014
289,0.95,0.9532313346862793
290,0.05,0.07456295937299728
291,0.95,0.9384734630584717
292,0.95,0.9738491177558899
293,0.05,0.1302403211593628
294,0.95,0.9447663426399231
295,0.95,0.9229834079742432
296,0.5,0.5830299854278564
297,0.5,0.2318665087223053
298,0.95,0.953611433506012
299,0.95,0.962492823600769
300,0.95,0.9118741154670715
301,0.5,0.6530942916870117
302,0.05,0.48170366883277893
303,0.5,0.32896119356155396
304,0.95,0.9157785177230835
305,0.5,0.6169271469116211
306,0.95,0.9465255737304688
307,0.5,0.4885556697845459
308,0.95,0.9725042581558228
309,0.95,0.9148211479187012
310,0.5,0.5716303586959839
311,0.5,0.5547963380813599
312,0.95,0.9261395335197449
313,0.5,0.577556848526001
314,0.05,-0.012120590545237064
315,0.05,0.01368104200810194
316,0.5,0.29683780670166016
317,0.95,0.9534128308296204
318,0.95,0.9470207095146179
319,0.95,0.925127387046814
320,0.05,0.05499367415904999
321,0.95,0.9206677675247192
322,0.95,0.9112355709075928
323,0.5,0.4021427035331726
324,0.05,0.09803442656993866
325,0.95,0.9272558689117432
326,0.95,0.9379290342330933
327,0.95,0.9279853701591492
328,0.95,0.9586843252182007
329,0.5,0.24298931658267975
330,0.5,0.672393262386322
331,0.5,0.5737885236740112
332,0.5,0.537980318069458
333,0.05,0.06964299082756042
334,0.95,0.9750186800956726
335,0.5,0.47013214230537415
336,0.05,0.4075363278388977
337,0.5,0.46094200015068054
338,0.5,0.4323480725288391
339,0.05,0.035666100680828094
340,0.05,0.42656439542770386
341,0.05,0.00976146012544632
342,0.5,0.4469798803329468
343,0.95,0.9280694723129272
344,0.05,0.05915071815252304
345,0.95,0.8967479467391968
346,0.05,0.6282023191452026
347,0.95,0.9442477226257324
348,0.95,0.8921245336532593
349,0.95,0.9009318947792053
350,0.95,0.9575703144073486
351,0.95,0.9327025413513184
352,0.05,0.050570182502269745
353,0.95,0.9366832971572876
354,0.95,0.9406791925430298
355,0.95,0.940803050994873
356,0.5,0.520602285861969
357,0.05,0.25368884205818176
358,0.5,0.4283323884010315
359,0.05,0.06503292173147202
360,0.05,0.09083013236522675
361,0.95,0.9630403518676758
362,0.5,0.3375534415245056
363,0.5,0.6531217694282532
364,0.95,0.9537556171417236
365,0.5,0.46865081787109375
366,0.95,0.40445104241371155
367,0.95,0.6818042993545532
368,0.05,-0.02259732224047184
369,0.5,0.38142475485801697
370,0.95,0.9401860237121582
371,0.5,0.6080324649810791
372,0.95,0.9762851595878601
373,0.5,0.5033247470855713
374,0.5,0.5713698863983154
375,0.5,0.3882880210876465
376,0.5,0.4105321764945984
377,0.95,0.9552985429763794
378,0.5,0.675628662109375
379,0.5,0.20737409591674805
380,0.95,0.9328427910804749
381,0.95,0.951445460319519
382,0.5,0.5311918258666992
383,0.05,0.09528207778930664
384,0.95,0.937811017036438
385,0.95,0.7051550149917603
386,0.95,0.9301985502243042
387,0.05,0.4055526554584503
388,0.05,0.4427460730075836
389,0.05,0.4541400074958801
390,0.95,0.900870144367218
391,0.95,0.8658076524734497
392,0.5,0.34739062190055847
393,0.95,0.9574914574623108
394,0.95,0.9468942284584045
395,0.05,0.1244119256734848
396,0.05,0.301999568939209
397,0.5,0.31021445989608765
398,0.5,0.2811776399612427
399,0.05,0.058531079441308975
400,0.5,0.471164345741272
401,0.95,0.9618411064147949
402,0.95,0.9472655057907104
403,0.95,0.9727036952972412
404,0.95,0.8309957385063171
405,0.5,0.49981489777565
406,0.5,0.5160150527954102
407,0.5,0.5188387632369995
408,0.95,0.8973146677017212
409,0.5,0.4604598879814148
410,0.95,0.9376692771911621
411,0.95,0.9514467716217041
412,0.05,0.3471117615699768
413,0.95,0.9326995611190796
414,0.05,0.09509338438510895
415,0.95,0.9310286045074463
416,0.5,0.43989598751068115
417,0.5,0.6376655101776123
418,0.5,0.39431825280189514
419,0.95,0.9596021771430969
420,0.5,0.561799943447113
421,0.95,0.9403756856918335
422,0.05,-0.03241076320409775
423,0.95,0.9823694825172424
424,0.05,0.5457427501678467
425,0.5,0.4511551856994629
426,0.5,0.3655145764350891
427,0.05,0.08103823661804199
428,0.05,-0.18981334567070007
429,0.5,0.4490737318992615
430,0.5,0.4698793888092041
431,0.95,0.9740810394287109
432,0.5,0.3285853862762451
433,0.05,0.14731106162071228
434,0.95,0.8814620971679688
435,0.95,0.956777811050415
436,0.5,0.794126033782959
437,0.5,0.4497629702091217
438,0.5,0.45456963777542114
439,0.05,0.273490309715271
440,0.95,0.9515552520751953
441,0.95,0.9126541614532471
442,0.5,0.58944171667099
443,0.05,0.10911795496940613
444,0.5,0.5423041582107544
445,0.05,0.06840771436691284
446,0.5,0.5107437968254089
447,0.5,0.5888161659240723
448,0.5,0.5488946437835693
449,0.95,0.9331961870193481
450,0.95,0.9625270366668701
451,0.5,0.5219166278839111
452,0.5,0.6278672218322754
453,0.95,0.9556478261947632
454,0.5,0.5424033999443054
455,0.5,0.50919508934021
456,0.5,0.5787332057952881
457,0.5,0.5765076875686646
458,0.95,0.896132230758667
459,0.95,0.8656116724014282
460,0.5,0.583665132522583
461,0.5,0.536145031452179
462,0.95,0.925777792930603
463,0.95,0.8205976486206055
464,0.95,0.9792728424072266
465,0.05,0.18136858940124512
466,0.5,0.5416481494903564
467,0.95,0.9022034406661987
468,0.95,0.8391399383544922
469,0.95,0.9506729245185852
470,0.5,0.35959720611572266
471,0.05,0.06591551750898361
472,0.95,0.8361431360244751
473,0.05,-0.0780894011259079
474,0.05,0.06892775744199753
475,0.95,0.9327625036239624
476,0.5,0.6978028416633606
477,0.5,0.43833112716674805
478,0.95,0.933039665222168
479,0.95,0.926397442817688
480,0.5,0.5998808145523071
481,0.95,0.8667675852775574
482,0.5,0.5532498359680176
483,0.95,0.9560766220092773
484,0.95,0.9554003477096558
485,0.5,0.47028017044067383
486,0.5,0.0228564515709877
487,0.95,0.8802424669265747
488,0.95,0.8442679643630981
489,0.95,0.9056640267372131
490,0.95,0.9598538279533386
491,0.95,0.952674150466919
492,0.95,0.8683189153671265
493,0.5,0.17839348316192627
494,0.95,0.9371020793914795
495,0.05,0.17692753672599792
496,0.05,0.39186036586761475
497,0.5,0.049893274903297424
498,0.5,0.4013468027114868
499,0.95,0.9184432625770569
500,0.5,0.4737911820411682
501,0.5,0.5231220722198486
502,0.05,0.21729396283626556
503,0.5,0.4835943877696991
504,0.5,0.5772606730461121
505,0.05,-0.021239669993519783
506,0.05,0.2808094620704651
507,0.95,0.8480478525161743
508,0.95,0.8531157970428467
509,0.05,0.004923135973513126
510,0.95,0.938800573348999
511,0.5,0.45617419481277466
512,0.5,0.5133941173553467
513,0.05,0.08846178650856018
514,0.5,0.1147419810295105
515,0.5,0.4511542320251465
516,0.05,0.03802506998181343
517,0.95,0.851507306098938
518,0.95,0.9603385925292969
519,0.05,0.2643950581550598
520,0.5,0.45141780376434326
521,0.5,0.4838353097438812
522,0.95,0.9152859449386597
523,0.5,0.5854678153991699
524,0.95,0.8939429521560669
525,0.5,0.4440919756889343
526,0.05,0.0643518716096878
527,0.5,0.7015446424484253
528,0.95,0.9110655188560486
529,0.5,0.2754356861114502
530,0.95,0.9217872023582458
531,0.5,0.5656715631484985
532,0.5,0.2980042099952698
533,0.95,0.935562014579773
534,0.5,0.5762509107589722
535,0.05,0.2539404034614563
536,0.5,0.37499237060546875
537,0.95,0.9247115850448608
538,0.95,0.9152145385742188
539,0.5,0.40272602438926697
540,0.95,0.9493273496627808
541,0.95,0.8824248313903809
542,0.5,0.3969268202781677
543,0.5,0.37813812494277954
544,0.95,0.9278414249420166
545,0.95,0.9760953187942505
546,0.5,0.5960632562637329
547,0.05,0.3192492723464966
548,0.95,0.922065019607544
549,0.95,0.8884251117706299
550,0.5,0.5643294453620911
551,0.5,0.3095349371433258
552,0.5,0.39059770107269287
553,0.05,0.15624675154685974
554,0.5,0.5734362602233887
555,0.5,0.421444296836853
556,0.5,0.43086308240890503
557,0.5,0.7016485929489136
558,0.95,0.9282565116882324
559,0.5,0.37328898906707764
560,0.5,0.13187696039676666
561,0.5,0.43468570709228516
562,0.05,-0.06491589546203613
563,0.05,-1.2153759598731995e-05
564,0.5,0.4277154207229614
565,0.5,0.4105476140975952
566,0.95,0.9485142827033997
567,0.05,0.053952038288116455
568,0.95,0.7694055438041687
569,0.95,0.967367947101593
570,0.5,0.48756831884384155
571,0.05,0.07369241118431091
572,0.5,0.7620110511779785
573,0.5,0.3830934762954712
574,0.5,0.2847710847854614
575,0.05,0.5397671461105347
576,0.5,0.497263103723526
577,0.5,0.42255181074142456
578,0.5,0.6378315687179565
579,0.95,0.9710893630981445
580,0.95,0.902458667755127
581,0.95,0.9347979426383972
582,0.95,0.9463805556297302
583,0.95,0.844681978225708
584,0.5,0.7049423456192017
585,0.05,0.12230303138494492
586,0.5,0.550502598285675
587,0.95,0.9370531439781189
588,0.95,0.8725970387458801
589,0.5,0.39291101694107056
590,0.5,0.1416943371295929
591,0.05,0.008995354175567627
592,0.95,0.9119306206703186
593,0.95,0.9386237859725952
594,0.95,0.9556151628494263
595,0.95,0.8748617172241211
596,0.95,0.9637981653213501
597,0.5,0.45102548599243164
598,0.05,0.10137119889259338
599,0.5,0.4836979806423187
600,0.95,0.9675861597061157
601,0.05,0.21861976385116577
602,0.95,0.9871922731399536
603,0.95,0.9545618295669556
604,0.05,0.0686127245426178
605,0.5,0.6482251882553101
606,0.5,0.12313737720251083
607,0.5,0.627297580242157
608,0.05,0.050344791263341904
609,0.5,0.45286333560943604
610,0.05,0.09905101358890533
611,0.5,0.5284570455551147
612,0.95,0.9604776501655579
613,0.05,0.2597138285636902
614,0.5,0.5257363319396973
615,0.05,0.3999324440956116
616,0.95,0.8718057870864868
617,0.05,-0.010058656334877014
618,0.5,0.4906904697418213
619,0.95,0.9611536860466003
620,0.95,0.9164443612098694
621,0.5,0.4994869828224182
622,0.5,0.48432016372680664
623,0.95,0.9141528010368347
624,0.95,0.890960156917572
625,0.5,0.34639090299606323
626,0.05,0.2890321910381317
627,0.95,0.9087001085281372
628,0.05,0.11094433069229126
629,0.95,0.9512151479721069
630,0.05,0.0725363940000534
631,0.5,0.534346878528595
632,0.95,0.899743914604187
633,0.95,0.9404743909835815
634,0.05,0.08372309803962708
635,0.05,0.11652612686157227
636,0.5,0.6744505763053894
637,0.5,0.5027995109558105
638,0.5,0.4976200759410858
639,0.95,0.9310154318809509
640,0.05,0.14358098804950714
641,0.5,0.20234479010105133
642,0.95,0.9116806983947754
643,0.5,0.40648967027664185
644,0.95,0.9613516330718994
645,0.5,0.44999584555625916
646,0.95,0.9464334845542908
647,0.95,0.9610288143157959
648,0.95,0.952069878578186
649,0.5,0.6665259599685669
650,0.5,0.3727008104324341
651,0.95,0.8455104231834412
652,0.05,0.19138117134571075
653,0.95,0.9561497569084167
654,0.95,0.9063445329666138
655,0.95,0.9481333494186401
656,0.95,0.9193369150161743
657,0.05,-0.05217088758945465
658,0.95,0.9134536981582642
659,0.5,0.6401724815368652
660,0.5,0.6514184474945068
661,0.5,0.41327571868896484
662,0.95,0.9327675104141235
663,0.95,0.9486607313156128
664,0.5,0.23827598989009857
665,0.95,0.9812701344490051
666,0.95,0.8706902265548706
667,0.95,0.9552003145217896
668,0.95,0.9429880380630493
669,0.5,0.5360104441642761
670,0.5,0.4464455842971802
671,0.5,0.4104875922203064
672,0.5,0.33849459886550903
673,0.05,0.761054277420044
674,0.5,0.41149240732192993
675,0.95,0.9646025896072388
676,0.95,0.9323589205741882
677,0.5,0.4094599187374115
678,0.95,0.9620328545570374
679,0.95,0.914069652557373
680,0.05,0.246211439371109
681,0.95,0.9690008163452148
682,0.5,0.5142079591751099
683,0.05,0.41641002893447876
684,0.5,0.4746544361114502
685,0.5,0.6407135725021362
686,0.95,0.9546115398406982
687,0.5,0.5273534655570984
688,0.5,0.48106032609939575
689,0.95,0.8281217813491821
690,0.05,0.0175437331199646
691,0.95,0.9593968391418457
692,0.5,0.622138261795044
693,0.5,0.6245314478874207
694,0.95,0.937369704246521
695,0.95,0.9499462246894836
696,0.5,0.2100752741098404
697,0.95,0.9405900239944458
698,0.05,-0.012673065066337585
699,0.95,0.9647772312164307
700,0.5,0.3358559012413025
701,0.95,0.9577920436859131
702,0.5,0.3481397032737732
703,0.05,0.1399783343076706
704,0.95,0.9849841594696045
705,0.95,0.8409548997879028
706,0.5,0.3619709610939026
707,0.05,0.08980117738246918
708,0.5,0.5946022272109985
709,0.5,0.5436713099479675
710,0.5,0.6942534446716309
711,0.05,0.19754688441753387
712,0.05,0.08211014419794083
713,0.05,0.13959595561027527
714,0.05,0.29858043789863586
715,0.95,0.9183750748634338
716,0.95,0.9592376351356506
717,0.05,0.0017155688256025314
718,0.5,0.5819106101989746
719,0.95,0.9308410882949829
720,0.05,0.5046443939208984
721,0.95,0.9600739479064941
722,0.95,0.812088131904602
723,0.5,0.5090959668159485
724,0.5,0.14927847683429718
725,0.5,0.7872886061668396
726,0.95,0.936321496963501
727,0.95,0.964796781539917
728,0.05,0.04025563970208168
729,0.05,0.3194376826286316
730,0.5,0.5457132458686829
731,0.5,0.2579176723957062
732,0.5,0.42096418142318726
733,0.95,0.9371349811553955
734,0.5,0.7085059881210327
735,0.5,0.31413954496383667
736,0.95,0.8723928928375244
737,0.5,0.1765723079442978
738,0.5,0.2524260878562927
739,0.05,0.05898551270365715
740,0.5,0.5939335823059082
741,0.05,-0.009531466290354729
742,0.95,0.8439549207687378
743,0.5,0.1312038004398346
744,0.95,0.9041428565979004
745,0.5,0.44336214661598206
746,0.05,0.07311224937438965
747,0.5,0.4609072804450989
748,0.05,0.07908106595277786
749,0.5,0.3759773373603821
750,0.95,0.97465980052948
751,0.05,-0.008230895735323429
752,0.5,0.42788660526275635
753,0.05,0.0727333128452301
754,0.95,0.7420848608016968
755,0.05,-0.005286099389195442
756,0.95,0.9135055541992188
757,0.95,0.9241852760314941
758,0.95,0.9467462301254272
759,0.5,0.5190934538841248
760,0.95,0.9676675796508789
761,0.05,0.14437079429626465
762,0.05,0.3150484561920166
763,0.5,0.6033265590667725
764,0.05,-0.051663048565387726
765,0.5,0.5171611309051514
766,0.95,0.9497990012168884
767,0.5,0.40633082389831543
768,0.5,0.4505545198917389
769,0.5,0.4302559494972229
770,0.05,-0.0061805155128240585
771,0.5,0.3936806917190552
772,0.5,0.21194452047348022
773,0.5,0.5445399880409241
774,0.5,0.5169903039932251
775,0.5,0.5271250009536743
776,0.95,0.9539981484413147
777,0.05,0.11263405531644821
778,0.5,0.38594430685043335
779,0.95,0.8643877506256104
780,0.5,0.7705956101417542
781,0.5,0.48126691579818726
782,0.5,0.4408685564994812
783,0.95,0.9657843112945557
784,0.95,0.9274417757987976
785,0.5,0.47305816411972046
786,0.5,0.28497064113616943
787,0.95,0.9612642526626587
788,0.5,0.27686387300491333
789,0.5,0.6388905048370361
790,0.05,0.11588888615369797
791,0.05,0.4218200445175171
792,0.5,0.5304569005966187
793,0.05,-0.0033862534910440445
794,0.5,0.3946687579154968
795,0.5,0.5156106948852539
796,0.5,0.3149339556694031
797,0.95,0.9003763794898987
798,0.5,0.2759627103805542
799,0.5,0.2917938828468323
800,0.05,0.035706907510757446
801,0.5,0.4258967339992523
802,0.5,0.43271759152412415
803,0.5,0.695015549659729
804,0.95,0.9403799772262573
805,0.95,0.8677246570587158
806,0.95,0.9867421984672546
807,0.95,0.9553254842758179
808,0.95,0.8737611174583435
809,0.95,0.9245415329933167
810,0.5,0.5227566957473755
811,0.5,0.4885236322879791
812,0.05,0.013996504247188568
813,0.5,0.4003671705722809
814,0.05,0.0076254308223724365
815,0.95,0.9842787384986877
816,0.5,0.46404120326042175
817,0.95,0.9470207691192627
818,0.95,0.9495137929916382
819,0.95,0.8700287342071533
820,0.95,0.9065037965774536
821,0.95,0.9279453754425049
822,0.95,0.9417965412139893
823,0.95,0.9544979333877563
824,0.95,0.9407491087913513
825,0.5,0.4929041266441345
826,0.05,0.4905598759651184
827,0.5,0.46457403898239136
828,0.95,0.9580435752868652
829,0.95,0.929050862789154
830,0.05,0.1766691505908966
831,0.95,0.9651132822036743
832,0.5,0.30578553676605225
833,0.95,0.9125564098358154
834,0.5,0.46493592858314514
835,0.5,0.40889185667037964
836,0.95,0.9373822212219238
837,0.5,0.11319944262504578
838,0.5,0.7007262706756592
839,0.5,0.4262109100818634
840,0.95,0.8819015026092529
841,0.5,0.4714961647987366
842,0.95,0.8014998435974121
843,0.95,0.9679083824157715
844,0.5,0.39286017417907715
845,0.95,0.7835555672645569
846,0.5,0.37002503871917725
847,0.5,0.5505975484848022
848,0.5,0.5571251511573792
849,0.95,0.8266248106956482
850,0.5,0.49972793459892273
851,0.5,0.4413672089576721
852,0.05,-0.036418668925762177
853,0.95,0.9655947089195251
854,0.95,0.8963592052459717
855,0.95,0.9540807008743286
856,0.5,0.704908013343811
857,0.95,0.869633674621582
858,0.95,0.9335313439369202
859,0.95,0.9708724021911621
860,0.5,0.035734765231609344
861,0.5,0.3218606114387512
862,0.05,0.031315430998802185
863,0.05,0.12173210829496384
864,0.95,0.9134011268615723
865,0.95,0.9520155191421509
866,0.5,0.6089106798171997
867,0.95,0.9530324935913086
868,0.5,0.5577887892723083
869,0.05,0.08691602200269699
870,0.5,0.5870300531387329
871,0.95,0.8979054689407349
872,0.05,0.1899215579032898
873,0.95,0.9496409296989441
874,0.95,0.9549568891525269
875,0.5,0.44109320640563965
876,0.5,0.6538410186767578
877,0.05,0.08988900482654572
878,0.95,0.9610685110092163
879,0.95,0.8943109512329102
880,0.5,0.45720022916793823
881,0.5,0.46879297494888306
882,0.95,0.9567953944206238
883,0.95,0.9323529005050659
884,0.95,0.9457989931106567
885,0.5,0.3795064687728882
886,0.5,0.3963604271411896
887,0.05,0.1405029445886612
888,0.95,0.9063307046890259
889,0.95,0.9491702318191528
890,0.95,0.9158904552459717
891,0.5,0.6349672079086304
892,0.95,0.907559871673584
893,0.95,0.9269506931304932
894,0.95,0.9763948917388916
895,0.95,0.8702414631843567
896,0.05,0.11011981964111328
897,0.05,0.19023483991622925
898,0.95,0.8282990455627441
899,0.5,0.8183433413505554
900,0.95,0.963314414024353
901,0.95,0.8918065428733826
902,0.95,0.9184448719024658
903,0.5,0.5437228679656982
904,0.05,0.3146935701370239
905,0.95,0.9006199836730957
906,0.05,0.22135762870311737
907,0.05,-0.01997576281428337
908,0.95,0.8405455946922302
909,0.05,0.14810602366924286
910,0.5,0.35410699248313904
911,0.5,0.4698134660720825
912,0.95,0.9316651821136475
913,0.5,0.30899131298065186
914,0.95,0.9141735434532166
915,0.5,0.5058910846710205
916,0.5,0.4103255867958069
917,0.95,0.9591102600097656
918,0.05,0.3023606538772583
919,0.5,0.5442458391189575
920,0.5,0.3503156304359436
921,0.05,0.07891029864549637
922,0.95,0.7468095421791077
923,0.5,0.3190445303916931
924,0.5,0.466359406709671
925,0.95,0.9327029585838318
926,0.95,0.9347419142723083
927,0.05,0.27281126379966736
928,0.95,0.9465893507003784
929,0.95,0.8680395483970642
930,0.5,0.46397513151168823
931,0.5,0.5112419128417969
932,0.5,0.40874218940734863
933,0.95,0.8896143436431885
934,0.5,0.38546931743621826
935,0.95,0.9601388573646545
936,0.05,0.06351257115602493
937,0.5,0.28334325551986694
938,0.05,0.3921847939491272
939,0.5,0.3448086380958557
940,0.05,0.1862010955810547
941,0.95,0.9514831304550171
942,0.5,0.2781822979450226
943,0.5,0.373004674911499
944,0.05,0.05062653869390488
945,0.5,0.6411434412002563
946,0.95,0.9406858682632446
947,0.5,0.4364403784275055
948,0.05,0.00588124617934227
949,0.05,0.03274258226156235
950,0.95,0.9017305970191956
951,0.95,0.9625868797302246
952,0.5,0.3671358525753021
953,0.5,0.22956761717796326
954,0.95,0.9198614358901978
955,0.95,0.8057859539985657
956,0.5,0.41676926612854004
957,0.95,0.864019513130188
958,0.05,-0.04885274916887283
959,0.95,0.8285504579544067
960,0.05,0.10687273740768433
961,0.95,0.9306902289390564
962,0.5,0.48243850469589233
963,0.05,0.12165766954421997
964,0.05,0.4637224078178406
965,0.95,0.7765620350837708
966,0.95,0.898339569568634
967,0.5,0.6312623023986816
968,0.95,0.9073067903518677
969,0.95,0.961967945098877
970,0.05,-0.012664476409554482
971,0.5,0.4002741575241089
972,0.95,0.9663798809051514
973,0.95,0.8452283143997192
974,0.95,0.9313733577728271
975,0.05,0.10525456070899963
976,0.05,0.49788138270378113
977,0.95,0.947604238986969
978,0.5,0.39772936701774597
979,0.5,0.522676944732666
980,0.95,0.9298946857452393
981,0.5,0.34132903814315796
982,0.95,0.9762479662895203
983,0.95,0.9682799577713013
984,0.05,0.20446638762950897
985,0.5,0.3305363655090332
986,0.95,0.8999623656272888
987,0.95,0.9394752979278564
988,0.95,0.9446786046028137
989,0.95,0.9046899080276489
990,0.95,0.907829999923706
991,0.95,0.9032896757125854
992,0.95,0.8504487872123718
993,0.05,0.1414748728275299
994,0.5,0.4195893108844757
995,0.95,0.9402737021446228
996,0.05,-0.0665818303823471
997,0.5,0.3195447623729706
998,0.95,0.9374091029167175
999,0.95,0.801480770111084
1000,0.5,0.5336936116218567
1001,0.95,0.9421651363372803
1002,0.5,0.6328281760215759
1003,0.5,0.5653168559074402
1004,0.05,0.15841570496559143
1005,0.95,0.8969452381134033
1006,0.05,0.013279225677251816
1007,0.5,0.20307905972003937
1008,0.5,0.5120574235916138
1009,0.05,0.18615508079528809
1010,0.95,0.896984338760376
1011,0.95,0.9389217495918274
1012,0.95,0.9092140197753906
1013,0.05,0.6268944144248962
1014,0.5,0.6698482632637024
1015,0.5,0.351858526468277
1016,0.95,0.9278643131256104
1017,0.5,0.49086153507232666
1018,0.5,0.6159537434577942
1019,0.95,0.9151749014854431
1020,0.95,0.8901283740997314
1021,0.05,0.04917798191308975
1022,0.95,0.8776444792747498
1023,0.5,0.47810161113739014
1024,0.05,0.13187718391418457
1025,0.05,0.16900575160980225
1026,0.5,0.698273241519928
1027,0.05,0.512252151966095
1028,0.5,0.5632697343826294
1029,0.05,0.5514152646064758
1030,0.5,0.49360910058021545
1031,0.5,0.49507877230644226
1032,0.05,0.3384961187839508
1033,0.05,0.09119213372468948
1034,0.5,0.34504732489585876
1035,0.5,0.5504300594329834
1036,0.5,0.5704734921455383
1037,0.95,0.9552647471427917
1038,0.05,-0.03828959912061691
1039,0.5,0.406977117061615
1040,0.95,0.9788588285446167
1041,0.95,0.9095418453216553
1042,0.95,0.9903784990310669
1043,0.5,0.39434465765953064
1044,0.5,0.39499330520629883
1045,0.95,0.7193996906280518
1046,0.5,0.5529711842536926
1047,0.05,0.2844969928264618
1048,0.5,0.22652721405029297
1049,0.95,0.8165502548217773
1050,0.95,0.9485055208206177
1051,0.5,0.587859034538269
1052,0.05,0.16875508427619934
1053,0.5,0.3777941167354584
1054,0.5,0.48729270696640015
1055,0.95,0.9609880447387695
1056,0.5,0.4714493155479431
1057,0.95,0.9673130512237549
1058,0.5,0.30760613083839417
1059,0.05,0.23459386825561523
1060,0.95,0.9528094530105591
1061,0.95,0.9369068741798401
1062,0.95,0.7912757396697998
1063,0.05,0.11868181824684143
1064,0.5,0.5859869718551636
1065,0.05,0.24472332000732422
1066,0.05,0.0840742439031601
1067,0.5,0.48985856771469116
1068,0.05,0.24522601068019867
1069,0.95,0.2830089330673218
1070,0.95,0.8228892087936401
1071,0.05,0.32814252376556396
1072,0.5,0.39275532960891724
1073,0.05,0.1088782250881195
1074,0.95,0.8792487978935242
1075,0.5,0.5847926735877991
1076,0.5,0.7060202956199646
1077,0.95,0.9645638465881348
1078,0.5,0.5704724788665771
1079,0.95,0.8807207942008972
1080,0.95,0.9448320865631104
1081,0.05,0.09166562557220459
1082,0.95,0.8915776014328003
1083,0.05,0.09562254697084427
1084,0.5,0.6206015944480896
1085,0.95,0.9796056151390076
1086,0.95,0.8403580188751221
1087,0.95,0.9569181203842163
1088,0.95,0.9330336451530457
1089,0.5,0.3178921341896057
1090,0.5,0.6984531879425049
1091,0.95,0.9329586029052734
1092,0.95,0.8906996250152588
1093,0.05,0.593204915523529
1094,0.05,-0.030621299520134926
1095,0.5,0.46241575479507446
1096,0.95,0.9681239128112793
1097,0.05,0.10270147025585175
1098,0.5,0.4407133460044861
1099,0.95,0.9644711017608643
1100,0.95,0.9503527879714966
1101,0.95,0.5505300760269165
1102,0.5,0.4026448428630829
1103,0.05,-0.054213639348745346
1104,0.95,0.8840319514274597
1105,0.05,0.11045513302087784
1106,0.5,0.6341531276702881
1107,0.05,0.08554208278656006
1108,0.95,0.9355058670043945
1109,0.5,0.4444087743759155
1110,0.95,0.898533046245575
1111,0.95,0.9277637004852295
1112,0.05,0.062322307378053665
1113,0.95,0.8948462605476379
1114,0.5,0.4259783625602722
1115,0.95,0.7686969637870789
1116,0.95,0.9580534100532532
1117,0.5,0.4983140826225281
1118,0.5,0.30505648255348206
1119,0.5,0.40576881170272827
1120,0.95,0.9785918593406677
1121,0.95,0.8245354890823364
1122,0.95,0.9464118480682373
1123,0.05,0.3252159357070923
1124,0.05,0.07764105498790741
1125,0.95,0.9326366186141968
1126,0.95,0.9104766845703125
1127,0.5,0.5199747085571289
1128,0.95,0.9406985640525818
1129,0.5,0.1625935137271881
1130,0.95,0.8945755958557129
1131,0.5,0.4073462188243866
1132,0.95,0.9043036699295044
1133,0.5,0.5792654752731323
1134,0.5,0.4269295632839203
1135,0.5,0.4785023331642151
1136,0.95,0.9447531700134277
1137,0.95,0.9499435424804688
1138,0.5,0.590746283531189
1139,0.95,0.9443553686141968
1140,0.95,0.9410112500190735
1141,0.5,0.31591615080833435
1142,0.5,0.6631801128387451
1143,0.05,0.0028189849108457565
1144,0.5,0.4661955237388611
1145,0.5,0.40322619676589966
1146,0.5,0.44830459356307983
1147,0.95,0.8909518718719482
1148,0.5,0.7659512758255005
1149,0.05,0.5259976387023926
1150,0.5,0.6822470426559448
1151,0.95,0.9722079634666443
1152,0.05,0.3824917674064636
1153,0.95,0.9280391931533813
1154,0.05,-0.09994648396968842
1155,0.5,0.5052885413169861
1156,0.5,0.5102299451828003
1157,0.95,0.9024131298065186
1158,0.5,0.2562931180000305
1159,0.5,0.4669300317764282
1160,0.95,0.8771268129348755
1161,0.5,0.3103838562965393
1162,0.5,0.48829329013824463
1163,0.5,0.48069798946380615
1164,0.05,0.2681371867656708
1165,0.05,0.08872606605291367
1166,0.05,0.47151657938957214
1167,0.95,0.9706560373306274
1168,0.95,0.8574281930923462
1169,0.95,0.9344019889831543
1170,0.05,-0.06637151539325714
1171,0.5,0.35979995131492615
1172,0.5,0.4672488868236542
1173,0.5,0.3433801829814911
1174,0.5,0.5088002681732178
1175,0.95,0.9358344674110413
1176,0.5,0.5429165363311768
1177,0.5,0.2711602449417114
1178,0.5,0.5820382833480835
1179,0.05,0.13644914329051971
1180,0.95,0.9466058015823364
1181,0.95,0.9407951831817627
1182,0.95,0.9301588535308838
1183,0.05,0.0998452752828598
1184,0.5,0.42841365933418274
1185,0.5,0.5749945640563965
1186,0.5,0.30873924493789673
1187,0.5,0.33155882358551025
1188,0.5,0.41051843762397766
1189,0.95,0.9570749402046204
1190,0.05,0.2078028917312622
1191,0.5,0.38992926478385925
1192,0.05,0.28327369689941406
1193,0.95,0.9467244148254395
1194,0.5,0.22334522008895874
1195,0.95,0.9780898094177246
1196,0.05,0.4810643792152405
1197,0.95,0.8717995882034302
1198,0.5,0.34253254532814026
1199,0.5,0.34604138135910034
1200,0.5,0.7522425651550293
1201,0.5,0.20736081898212433
1202,0.95,0.984238862991333
1203,0.05,0.0762951672077179
1204,0.95,0.7455344200134277
1205,0.05,0.04329775273799896
1206,0.95,0.952502429485321
1207,0.5,0.514917254447937
1208,0.5,0.33205270767211914
1209,0.05,0.08196797966957092
1210,0.5,0.34075474739074707
1211,0.95,0.9791699647903442
1212,0.5,0.4235967993736267
1213,0.95,0.8618791103363037
1214,0.05,0.316750168800354
1215,0.05,-0.07605139911174774
1216,0.5,0.6289765238761902
1217,0.95,0.9211066961288452
1218,0.5,0.40424785017967224
1219,0.95,0.914332389831543
1220,0.05,0.11749111115932465
1221,0.05,0.12639763951301575
1222,0.5,0.5718610286712646
1223,0.05,0.01949630118906498
1224,0.95,0.8789759874343872
1225,0.95,0.9126773476600647
1226,0.5,0.717416524887085
1227,0.5,0.5750679969787598
1228,0.95,0.9201122522354126
1229,0.95,0.9275442361831665
1230,0.05,0.010920125991106033
1231,0.95,0.8562121391296387
1232,0.95,0.6878147125244141
1233,0.95,0.9530317783355713
1234,0.05,0.12964178621768951
1235,0.5,0.6453890204429626
1236,0.95,0.8690874576568604
1237,0.95,0.9658734798431396
1238,0.5,0.5094233155250549
1239,0.95,0.9188934564590454
1240,0.95,0.8128852248191833
1241,0.95,0.945122241973877
1242,0.95,0.9589268565177917
1243,0.5,0.3703789710998535
1244,0.95,0.951514482498169
1245,0.5,0.49681922793388367
1246,0.5,0.8423315286636353
1247,0.95,0.8579539060592651
1248,0.5,0.35825249552726746
1249,0.05,0.10733601450920105
1250,0.95,0.9549249410629272
1251,0.5,0.15465036034584045
1252,0.5,0.32273128628730774
1253,0.05,0.05877301096916199
1254,0.95,0.9405310153961182
1255,0.5,0.34586524963378906
1256,0.5,0.4673598110675812
1257,0.95,0.9588592052459717
1258,0.95,0.9670101404190063
1259,0.95,0.9033527374267578
1260,0.5,0.5620360374450684
1261,0.95,0.9441637992858887
1262,0.05,0.16244545578956604
1263,0.95,0.9103305339813232
1264,0.5,0.6056431531906128
1265,0.5,0.5512751340866089
1266,0.5,0.5027217268943787
1267,0.95,0.9374210834503174
1268,0.5,0.46583354473114014
1269,0.5,0.23236680030822754
1270,0.5,0.46928882598876953
1271,0.95,0.9800528883934021
1272,0.5,0.4753216505050659
1273,0.05,-0.033662885427474976
1274,0.5,0.534876823425293
1275,0.5,0.3464820981025696
1276,0.5,0.5049588680267334
1277,0.5,0.5120620131492615
1278,0.05,0.049014002084732056
1279,0.5,0.3715970516204834
1280,0.5,0.6518071889877319
1281,0.95,0.9655427932739258
1282,0.5,0.4386827349662781
1283,0.95,0.9280838966369629
1284,0.5,0.49036285281181335
1285,0.05,-0.05083915591239929
1286,0.5,0.459621787071228
1287,0.5,0.3927788734436035
1288,0.05,0.4734988212585449
1289,0.95,0.9666938781738281
1290,0.05,0.04562097787857056
1291,0.05,0.04314688220620155
1292,0.5,0.5649574995040894
1293,0.05,0.16149403154850006
1294,0.95,0.9698556661605835
1295,0.95,0.9538335800170898
1296,0.05,0.05134039744734764
1297,0.5,0.387744665145874
1298,0.5,0.5615624189376831
1299,0.5,0.48312467336654663
1300,0.95,0.9570072889328003
1301,0.95,0.9355428218841553
1302,0.05,0.030263960361480713
1303,0.5,0.5122588872909546
1304,0.95,0.8944294452667236
1305,0.5,0.5344019532203674
1306,0.5,0.21238240599632263
1307,0.5,0.3808469772338867
1308,0.95,0.9103015661239624
1309,0.5,0.5478249788284302
1310,0.5,0.4985625743865967
1311,0.5,0.6299479007720947
1312,0.5,0.4764244556427002
1313,0.5,0.5760007500648499
1314,0.95,0.8952521681785583
1315,0.5,0.36005932092666626
1316,0.95,0.9023271203041077
1317,0.5,0.6428880095481873
1318,0.5,0.4069295823574066
1319,0.5,0.6237927079200745
1320,0.95,0.909155011177063
1321,0.05,0.4123973250389099
1322,0.5,0.3270348906517029
1323,0.5,0.4338321089744568
1324,0.95,0.9026907086372375
1325,0.95,0.9806109666824341
1326,0.5,0.4568185806274414
1327,0.5,0.44914934039115906
1328,0.95,0.9417821168899536
1329,0.5,0.6465753316879272
1330,0.95,0.9589400291442871
1331,0.5,0.49639907479286194
1332,0.5,0.6774327754974365
1333,0.95,0.9047554135322571
1334,0.95,0.9527143836021423
1335,0.5,0.49624672532081604
1336,0.5,0.41129758954048157
1337,0.05,0.4127250015735626
1338,0.05,0.16460442543029785
1339,0.05,0.029688477516174316
1340,0.5,0.48357513546943665
1341,0.95,0.9219502806663513
1342,0.05,0.04668870568275452
1343,0.95,0.9392759799957275
1344,0.5,0.43213385343551636
1345,0.95,0.9872084856033325
1346,0.5,0.2427709698677063
1347,0.95,0.6746309995651245
1348,0.5,0.4889995753765106
1349,0.95,0.9223712682723999
1350,0.95,0.9686790704727173
1351,0.5,0.3199383616447449
1352,0.5,0.42838209867477417
1353,0.5,0.44033870100975037
1354,0.95,0.9356721639633179
1355,0.95,0.8707095384597778
1356,0.95,0.9333783388137817
1357,0.5,0.44371700286865234
1358,0.95,0.9435123205184937
1359,0.05,0.09496292471885681
1360,0.5,0.3470875918865204
1361,0.95,0.9107260704040527
1362,0.95,0.9357355237007141
1363,0.05,0.21983790397644043
1364,0.95,0.9044946432113647
1365,0.5,0.42212989926338196
1366,0.05,0.20857322216033936
1367,0.5,0.15608851611614227
1368,0.95,0.9830507040023804
1369,0.5,0.4208676218986511
1370,0.5,0.5393671989440918
1371,0.5,0.5851112604141235
1372,0.5,0.42161688208580017
1373,0.95,0.8833411931991577
1374,0.5,0.29611265659332275
1375,0.5,0.6603561639785767
1376,0.5,0.591092586517334
1377,0.95,0.9285236597061157
1378,0.95,0.8781993389129639
1379,0.5,0.716562032699585
1380,0.95,0.857296347618103
1381,0.05,0.13725072145462036
1382,0.5,0.19244468212127686
1383,0.95,0.8904078602790833
1384,0.5,0.592322826385498
1385,0.95,0.5545822978019714
1386,0.95,0.9736669063568115
1387,0.95,0.9430285692214966
1388,0.5,0.48526376485824585
1389,0.5,0.47290071845054626
1390,0.05,0.014362255111336708
1391,0.95,0.914769172668457
1392,0.95,0.8727886080741882
1393,0.5,0.4896261394023895
1394,0.5,0.47127652168273926
1395,0.95,0.954768180847168
1396,0.95,0.9002314209938049
1397,0.95,0.9677712321281433
1398,0.5,0.5784228444099426
1399,0.05,-0.02097000740468502
1400,0.5,0.6218355894088745
1401,0.5,0.7051690220832825
1402,0.95,0.9159312844276428
1403,0.95,0.9614070653915405
1404,0.95,0.9498206377029419
1405,0.05,0.03778309375047684
1406,0.05,0.1459319293498993
1407,0.95,0.9714475274085999
1408,0.05,0.03224104270339012
1409,0.95,0.7778788805007935
1410,0.95,0.9457451105117798
1411,0.95,0.8369725942611694
1412,0.5,0.4109567403793335
1413,0.95,0.9069266319274902
1414,0.95,0.9308550953865051
1415,0.5,0.7283859252929688
1416,0.05,0.6512211561203003
1417,0.95,0.98216712474823
1418,0.05,-0.009219340980052948
1419,0.95,0.9121745824813843
1420,0.05,0.010617226362228394
1421,0.05,0.5452371835708618
1422,0.05,-0.100492924451828
1423,0.05,0.1590806394815445
1424,0.95,0.9354167580604553
1425,0.95,0.8839308023452759
1426,0.95,0.9695864319801331
1427,0.95,0.8831111192703247
1428,0.5,0.45706915855407715
1429,0.95,0.9229531288146973
1430,0.5,0.41270020604133606
1431,0.05,0.29655614495277405
1432,0.95,0.8942946195602417
1433,0.95,0.8647139072418213
1434,0.5,0.4913768172264099
1435,0.5,0.5137861967086792
1436,0.5,0.34542810916900635
1437,0.5,0.4120060205459595
1438,0.05,0.30330944061279297
1439,0.95,0.8454807996749878
1440,0.95,0.9176653027534485
1441,0.05,0.39898332953453064
1442,0.5,0.20910800993442535
1443,0.5,0.717382550239563
1444,0.5,0.11040167510509491
1445,0.5,0.5367268323898315
1446,0.95,0.8126313090324402
1447,0.5,0.32685577869415283
1448,0.5,0.34471595287323
1449,0.95,0.9653705954551697
1450,0.95,0.7664860486984253
1451,0.5,0.4345758259296417
1452,0.5,0.44796526432037354
1453,0.5,0.6531789302825928
1454,0.05,-0.017369257286190987
1455,0.5,0.5480350255966187
1456,0.5,0.47586625814437866
1457,0.95,0.9037666320800781
1458,0.95,0.9323350191116333
1459,0.95,0.8668510913848877
1460,0.5,0.3696245551109314
1461,0.05,-0.03634103760123253
1462,0.95,0.9012527465820312
1463,0.5,0.574927806854248
1464,0.95,0.9347721338272095
1465,0.95,0.9173972010612488
1466,0.95,0.9222136735916138
1467,0.05,0.12716758251190186
1468,0.95,0.9486799240112305
1469,0.5,0.5027452111244202
1470,0.05,0.08024173229932785
1471,0.95,0.8848720788955688
1472,0.5,0.523102879524231
1473,0.5,0.4617064297199249
1474,0.5,0.561159610748291
1475,0.5,0.4039604067802429
1476,0.95,0.8919693827629089
1477,0.05,-0.029237978160381317
1478,0.5,0.09237462282180786
1479,0.5,0.3547651171684265
1480,0.95,0.894743025302887
1481,0.05,0.1020544022321701
1482,0.5,0.4909026324748993
1483,0.95,0.9306299090385437
1484,0.95,0.9327499270439148
1485,0.05,-0.018842192366719246
1486,0.5,0.4186537265777588
1487,0.05,0.012854363769292831
1488,0.5,0.2773107588291168
1489,0.5,0.4651206433773041
1490,0.5,0.45951247215270996
1491,0.95,0.9751511812210083
1492,0.5,0.4222903847694397
1493,0.95,0.968776524066925
1494,0.95,0.8019008636474609
1495,0.5,0.5839333534240723
1496,0.5,0.5447542667388916
1497,0.95,0.8970288038253784
1498,0.5,0.5285251140594482
1499,0.95,0.9191152453422546
1500,0.05,0.2487703561782837
1501,0.95,0.943091630935669
1502,0.5,0.48432081937789917
1503,0.95,0.9128905534744263
1504,0.95,0.9188423156738281
1505,0.5,0.6472762823104858
1506,0.95,0.919680118560791
1507,0.95,0.8257346749305725
1508,0.05,0.38596755266189575
1509,0.95,0.9172114133834839
1510,0.5,0.619647204875946
1511,0.95,0.9452565908432007
1512,0.5,0.44473952054977417
1513,0.05,0.006886821240186691
1514,0.5,0.4323219060897827
1515,0.05,0.41195744276046753
1516,0.95,0.9323714971542358
1517,0.5,0.46247363090515137
1518,0.5,0.5144602656364441
1519,0.95,0.8772481083869934
1520,0.05,0.11477003246545792
1521,0.05,0.0720127746462822
1522,0.5,0.47651803493499756
1523,0.95,0.781909167766571
1524,0.95,0.9585500955581665
1525,0.5,0.47199949622154236
1526,0.5,0.3915180563926697
1527,0.05,0.038145724684000015
1528,0.5,0.25629979372024536
1529,0.95,0.9627782106399536
1530,0.95,0.9460987448692322
1531,0.95,0.9733429551124573
1532,0.5,0.5144074559211731
1533,0.95,0.9358444213867188
1534,0.05,0.09034989029169083
1535,0.5,0.41444939374923706
1536,0.5,0.3464343547821045
1537,0.05,0.04791359603404999
1538,0.5,0.46148473024368286
1539,0.95,0.9024827480316162
1540,0.05,0.0568690225481987
1541,0.5,0.4718431532382965
1542,0.05,0.3664456009864807
1543,0.5,0.436238557100296
1544,0.95,0.9421728849411011
1545,0.95,0.9293702840805054
1546,0.95,0.9633817672729492
1547,0.95,0.9227806329727173
1548,0.95,0.9203006029129028
1549,0.95,0.8588839769363403
1550,0.5,0.5417639017105103
1551,0.05,0.02340555749833584
1552,0.95,0.8983946442604065
1553,0.95,0.9854187965393066
1554,0.5,0.7292526960372925
1555,0.95,0.8738394379615784
1556,0.5,0.5922766923904419
1557,0.05,0.15035903453826904
1558,0.95,0.8619868159294128
1559,0.95,0.9142793416976929
1560,0.95,0.9517961740493774
1561,0.5,0.5158261060714722
1562,0.5,0.3196766972541809
1563,0.95,0.8620811700820923
1564,0.95,0.8392117023468018
1565,0.5,0.39110854268074036
1566,0.95,0.8261910676956177
1567,0.5,0.46915820240974426
1568,0.05,0.20665261149406433
1569,0.5,0.5262432098388672
1570,0.95,0.941426694393158
1571,0.95,0.6560562252998352
1572,0.5,0.22796690464019775
1573,0.05,0.05864807218313217
1574,0.5,0.48907697200775146
1575,0.5,0.30653536319732666
1576,0.5,0.3414418697357178
1577,0.05,0.09556609392166138
1578,0.5,0.3253578245639801
1579,0.05,-0.05669362470507622
1580,0.95,0.8937947750091553
1581,0.05,0.5265325307846069
1582,0.5,0.5722548365592957
1583,0.95,0.9383471608161926
1584,0.05,0.1277514398097992
1585,0.5,0.5064961910247803
1586,0.95,0.8680418729782104
1587,0.05,0.2990296483039856
1588,0.05,0.5349034070968628
1589,0.95,0.9552013874053955
1590,0.95,0.7886026501655579
1591,0.95,0.930451512336731
1592,0.05,0.2447768747806549
1593,0.05,0.04533550143241882
1594,0.5,0.5251861810684204
1595,0.95,0.9640765190124512
1596,0.95,0.9506227970123291
1597,0.95,0.8960633277893066
1598,0.95,0.9023101925849915
1599,0.5,0.16514796018600464
1600,0.95,0.9292731285095215
1601,0.95,0.9206881523132324
1602,0.05,0.16184668242931366
1603,0.5,0.6862850189208984
1604,0.5,0.4705427289009094
1605,0.5,0.5449840426445007
1606,0.5,0.3553731441497803
1607,0.95,0.9034597873687744
1608,0.95,0.9309467077255249
1609,0.95,0.9122354984283447
1610,0.95,0.9464322328567505
1611,0.95,0.9487017393112183
1612,0.5,0.5660911798477173
1613,0.05,0.2906113862991333
1614,0.95,0.9437944889068604
1615,0.5,0.547308087348938
1616,0.95,0.940629243850708
1617,0.95,0.805553138256073
1618,0.5,0.4994876980781555
1619,0.5,0.3719289302825928
1620,0.05,0.13120509684085846
1621,0.5,0.14612993597984314
1622,0.5,0.3848956227302551
1623,0.95,0.9529592394828796
1624,0.05,-0.050063908100128174
1625,0.5,0.5200253129005432
1626,0.95,0.9683920741081238
1627,0.5,0.6797493696212769
1628,0.5,0.3347925841808319
1629,0.5,0.43061363697052
1630,0.5,0.4224860668182373
1631,0.95,0.9273457527160645
1632,0.5,0.5256155729293823
1633,0.05,0.2897035777568817
1634,0.95,0.9286439418792725
1635,0.5,0.371635764837265
1636,0.95,0.857822597026825
1637,0.5,0.35714149475097656
1638,0.05,0.01568458415567875
1639,0.95,0.9307668209075928
1640,0.5,0.30406278371810913
1641,0.5,0.31224068999290466
1642,0.5,0.5105528831481934
1643,0.5,0.5674164295196533
1644,0.05,0.05877136439085007
1645,0.05,0.061995506286621094
1646,0.05,0.02047947235405445
1647,0.5,0.3923807442188263
1648,0.05,0.2954182028770447
1649,0.5,0.6118481755256653
1650,0.5,0.40911751985549927
1651,0.05,0.30032575130462646
1652,0.95,0.9500797986984253
1653,0.95,0.9297762513160706
1654,0.05,0.2429569512605667
1655,0.5,0.6187962293624878
1656,0.95,0.7837904691696167
1657,0.95,0.8926131129264832
1658,0.5,0.4931768774986267
1659,0.95,0.9330466985702515
1660,0.5,0.5204603672027588
1661,0.05,0.2882649898529053
1662,0.5,0.5457310676574707
1663,0.05,0.2980852723121643
1664,0.5,0.5016260147094727
1665,0.95,0.9607709646224976
1666,0.05,0.046214595437049866
1667,0.5,0.5977892279624939
1668,0.05,-0.03461549058556557
1669,0.95,0.9701178073883057
1670,0.95,0.9610072374343872
1671,0.95,0.9289207458496094
1672,0.5,0.49649274349212646
1673,0.5,0.49630895256996155
1674,0.95,0.9284826517105103
1675,0.95,0.9623523354530334
1676,0.95,0.8844606876373291
1677,0.5,0.26046493649482727
1678,0.95,0.9638665914535522
1679,0.5,0.34037911891937256
1680,0.95,0.8927369117736816
1681,0.95,0.8997809290885925
1682,0.5,0.6081920266151428
1683,0.95,0.9693999290466309
1684,0.05,0.5890528559684753
1685,0.5,0.39076027274131775
1686,0.95,0.9309121966362
1687,0.5,0.3935871422290802
1688,0.05,-0.030000241473317146
1689,0.5,0.47456395626068115
1690,0.95,0.9620183706283569
1691,0.95,0.7823025584220886
1692,0.5,0.4577391743659973
1693,0.05,0.19310203194618225
1694,0.05,0.04965951293706894
1695,0.95,0.9477244019508362
1696,0.5,0.34256401658058167
1697,0.5,0.6097118258476257
1698,0.05,0.15642637014389038
1699,0.5,0.10547340661287308
1700,0.5,0.5087389945983887
1701,0.5,0.3720319867134094
1702,0.5,0.32003873586654663
1703,0.95,0.9461402893066406
1704,0.05,0.061471566557884216
1705,0.5,0.35731691122055054
1706,0.5,0.5039072632789612
1707,0.05,0.09467586129903793
1708,0.5,0.23117174208164215
1709,0.5,0.7321178913116455
1710,0.95,0.9529076814651489
1711,0.95,0.84828120470047
1712,0.05,0.09255587309598923
1713,0.95,0.9495805501937866
1714,0.95,0.9646559357643127
1715,0.05,0.48551875352859497
1716,0.95,0.7195125818252563
1717,0.95,0.9404976963996887
1718,0.95,0.8851262331008911
1719,0.5,0.5058582425117493
1720,0.05,-0.008183233439922333
1721,0.95,0.9447065591812134
1722,0.05,0.10933487117290497
1723,0.5,0.44951850175857544
1724,0.95,0.8819236755371094
1725,0.05,0.328341007232666
1726,0.5,0.6757855415344238
1727,0.5,0.3989974558353424
1728,0.05,0.19540253281593323
1729,0.5,0.5365787148475647
1730,0.5,0.6192943453788757
1731,0.95,0.8949904441833496
1732,0.5,0.40882351994514465
1733,0.95,0.778633177280426
1734,0.5,0.35634684562683105
1735,0.95,0.9320784211158752
1736,0.05,0.07715395092964172
1737,0.5,0.5198531746864319
1738,0.5,0.6635627746582031
1739,0.5,0.505008339881897
1740,0.5,0.4878784418106079
1741,0.5,0.32429632544517517
1742,0.5,0.4154149889945984
1743,0.95,0.8932070136070251
1744,0.05,0.2691175043582916
1745,0.95,0.9266324639320374
1746,0.5,0.6463800072669983
1747,0.05,0.45708179473876953
1748,0.95,0.9458844661712646
1749,0.5,0.46508660912513733
1750,0.5,0.4442369341850281
1751,0.5,0.4441226124763489
1752,0.5,0.09988169372081757
1753,0.5,0.46208247542381287
1754,0.5,0.44501763582229614
1755,0.5,0.30842599272727966
1756,0.95,0.9002370834350586
1757,0.95,0.513158917427063
1758,0.95,0.8764207363128662
1759,0.95,0.9415836334228516
1760,0.05,0.5528700351715088
1761,0.05,0.2998290956020355
1762,0.95,0.8825247287750244
1763,0.5,0.5034370422363281
1764,0.95,0.9527297019958496
1765,0.5,0.6092303991317749
1766,0.05,0.4729239344596863
1767,0.05,0.5705904960632324
1768,0.5,0.6303868889808655
1769,0.5,0.41705673933029175
1770,0.5,0.4166709780693054
1771,0.95,0.9816011190414429
1772,0.5,0.5844900608062744
1773,0.95,0.683538556098938
1774,0.95,0.9723716378211975
1775,0.05,0.13719530403614044
1776,0.5,0.4025055170059204
1777,0.05,0.11769397556781769
1778,0.95,0.9533212184906006
1779,0.95,0.9657994508743286
1780,0.95,0.8107537627220154
1781,0.5,0.49608632922172546
1782,0.5,0.28521138429641724
1783,0.05,0.0008968226611614227
1784,0.95,0.8412594795227051
1785,0.5,0.42083361744880676
1786,0.95,0.9083874821662903
1787,0.05,0.0061310213059186935
1788,0.5,0.35691067576408386
1789,0.95,0.9079196453094482
1790,0.95,0.9162238240242004
1791,0.05,0.21590420603752136
1792,0.95,0.9707785844802856
1793,0.05,0.07094530016183853
1794,0.5,0.38875818252563477
1795,0.05,0.410264790058136
1796,0.95,0.954849123954773
1797,0.5,0.35924822092056274
1798,0.95,0.9035833477973938
1799,0.95,0.9461433291435242
1800,0.5,0.505978524684906
1801,0.95,0.946973443031311
1802,0.05,0.370050847530365
1803,0.95,0.8856492042541504
1804,0.95,0.963590145111084
1805,0.95,0.952898383140564
1806,0.95,0.9659278988838196
1807,0.5,0.4758709669113159
1808,0.05,-0.02570391818881035
1809,0.05,0.007598530501127243
1810,0.95,0.9739113450050354
1811,0.95,0.9361146092414856
1812,0.95,0.9486668705940247
1813,0.95,0.9203786849975586
1814,0.5,0.5334349274635315
1815,0.5,0.4794822335243225
1816,0.95,0.9698054790496826
1817,0.05,0.12193093448877335
1818,0.05,0.17834246158599854
1819,0.95,0.9266024827957153
1820,0.5,0.44988304376602173
1821,0.05,0.12542620301246643
1822,0.05,0.20445692539215088
1823,0.5,0.4925600588321686
1824,0.5,0.43367820978164673
1825,0.95,0.8562760949134827
1826,0.5,0.3573722541332245
1827,0.05,0.2674926519393921
1828,0.5,0.5434385538101196
1829,0.95,0.8763473033905029
1830,0.95,0.9231878519058228
1831,0.5,0.46716561913490295
1832,0.5,0.6025092601776123
1833,0.05,0.28676077723503113
1834,0.95,0.9322850704193115
1835,0.5,0.5032974481582642
1836,0.5,0.5537369847297668
1837,0.5,0.47104203701019287
1838,0.95,0.9432538747787476
1839,0.5,0.5221086144447327
1840,0.5,0.42656904458999634
1841,0.95,0.95494544506073
1842,0.5,0.32444947957992554
1843,0.05,0.1381610929965973
1844,0.5,0.544302225112915
1845,0.95,0.9511500597000122
1846,0.95,0.9459317922592163
1847,0.95,0.7710459232330322
1848,0.95,0.9564645886421204
1849,0.95,0.980277419090271
1850,0.05,0.13813334703445435
1851,0.95,0.901274561882019
1852,0.5,0.517683207988739
1853,0.95,0.8771421313285828
1854,0.5,0.38526827096939087
1855,0.95,0.9339796304702759
1856,0.95,0.9571455717086792
1857,0.95,0.9173448085784912
1858,0.95,0.9678364992141724
1859,0.5,0.6215527653694153
1860,0.5,0.6306200623512268
1861,0.5,0.4488911032676697
1862,0.5,0.43258166313171387
1863,0.5,0.3946881890296936
1864,0.95,0.9480576515197754
1865,0.05,0.0532781183719635
1866,0.5,0.3914232552051544
1867,0.05,0.04126196354627609
1868,0.05,0.3693760633468628
1869,0.95,0.9773187637329102
1870,0.95,0.911858320236206
1871,0.5,0.46653690934181213
1872,0.05,0.16629233956336975
1873,0.95,0.8971868753433228
1874,0.95,0.9289008378982544
1875,0.95,0.8631505370140076
1876,0.95,0.9663161039352417
1877,0.95,0.8081828355789185
1878,0.95,0.8151232600212097
1879,0.95,0.9368723630905151
1880,0.5,0.4270680546760559
1881,0.5,0.5417324304580688
1882,0.5,0.30272525548934937
1883,0.95,0.9116908311843872
1884,0.5,0.522610068321228
1885,0.95,0.8761467933654785
1886,0.95,0.8248382806777954
1887,0.95,0.9082221984863281
1888,0.95,0.9020756483078003
1889,0.5,0.5284692645072937
1890,0.95,0.850387692451477
1891,0.05,0.011937645263969898
1892,0.5,0.3812029957771301
1893,0.5,0.45954033732414246
1894,0.95,0.7590992450714111
1895,0.05,0.23479771614074707
1896,0.95,0.8590542078018188
1897,0.05,0.17001225054264069
1898,0.95,0.9553573131561279
1899,0.5,0.602677047252655
1900,0.95,0.8487056493759155
1901,0.95,0.9706379771232605
1902,0.95,0.8893933892250061
1903,0.95,0.9462419748306274
1904,0.5,0.19169436395168304
1905,0.95,0.9534462690353394
1906,0.5,0.47723788022994995
1907,0.95,0.8322206735610962
1908,0.5,0.5171790719032288
1909,0.05,-0.04803411290049553
1910,0.95,0.8543147444725037
1911,0.95,0.8581822514533997
1912,0.5,0.5019824504852295
1913,0.95,0.8137930035591125
1914,0.05,0.25063011050224304
1915,0.95,0.9581667184829712
1916,0.95,0.9496273398399353
1917,0.05,0.10039253532886505
1918,0.05,0.10020396113395691
1919,0.5,0.20193704962730408
1920,0.5,0.57695072889328
1921,0.5,0.28933387994766235
1922,0.5,0.3870181739330292
1923,0.5,0.3294982314109802
1924,0.95,0.7985631227493286
1925,0.05,0.4803723096847534
1926,0.5,0.26114222407341003
1927,0.05,0.2764413356781006
1928,0.95,0.8837003707885742
1929,0.95,0.9282797574996948
1930,0.5,0.3675817847251892
1931,0.95,0.92891526222229
1932,0.95,0.9634634256362915
1933,0.95,0.9315473437309265
1934,0.5,0.587489128112793
1935,0.05,-0.04583604633808136
1936,0.5,0.7846915125846863
1937,0.5,0.45498913526535034
1938,0.05,0.15873320400714874
1939,0.95,0.8705901503562927
1940,0.95,0.9704409837722778
1941,0.5,0.7009833455085754
1942,0.95,0.9777913689613342
1943,0.95,0.8900300860404968
1944,0.95,0.8977112770080566
1945,0.95,0.9308632612228394
1946,0.95,0.9404012560844421
1947,0.95,0.9385433197021484
1948,0.95,0.9198407530784607
1949,0.5,0.3775666356086731
1950,0.95,0.8918013572692871
1951,0.5,0.4180396795272827
1952,0.5,0.28746461868286133
1953,0.5,0.40561234951019287
1954,0.5,0.5052869319915771
1955,0.95,0.900071382522583
1956,0.5,0.6836929321289062
1957,0.95,0.8417707681655884
1958,0.95,0.9742528796195984
1959,0.95,0.8495355248451233
1960,0.95,0.9118451476097107
1961,0.95,0.9582207202911377
1962,0.5,0.4834229052066803
1963,0.95,0.958174467086792
1964,0.95,0.8629350662231445
1965,0.95,0.9150103330612183
1966,0.95,0.9409189224243164
1967,0.05,0.12484586983919144
1968,0.5,0.3939990997314453
1969,0.05,0.005596404895186424
1970,0.05,0.11297200620174408
1971,0.95,0.7874363660812378
1972,0.95,0.6514804363250732
1973,0.95,0.6249216794967651
1974,0.05,0.08739648759365082
1975,0.95,0.6564323902130127
1976,0.5,0.3244481682777405
1977,0.5,0.4952203333377838
1978,0.05,0.2613207995891571
1979,0.95,0.9659872651100159
1980,0.95,0.8732692003250122
1981,0.5,0.4033200144767761
1982,0.5,0.5304161310195923
1983,0.95,0.8754659295082092
1984,0.5,0.4619782567024231
1985,0.5,0.5353378653526306
1986,0.95,0.8717446327209473
1987,0.95,0.9326633214950562
1988,0.95,0.622317910194397
1989,0.05,0.47927308082580566
1990,0.5,0.4047921895980835
1991,0.05,0.01987590454518795
1992,0.95,0.9200104475021362
1993,0.95,0.8779361248016357
1994,0.5,0.5400198698043823
1995,0.95,0.937586784362793
1996,0.95,0.9253071546554565
1997,0.05,0.0654352679848671
1998,0.5,0.6862090229988098
1999,0.95,0.7440394163131714
2000,0.95,0.9228272438049316
2001,0.5,0.4436938166618347
2002,0.5,0.3404078781604767
2003,0.95,0.969868540763855
2004,0.95,0.9585568308830261
2005,0.5,0.5557819604873657
2006,0.5,0.46147191524505615
2007,0.95,0.9593764543533325
2008,0.95,0.8737180233001709
2009,0.95,0.8931040167808533
2010,0.5,0.5836821794509888
2011,0.95,0.9587075710296631
2012,0.95,0.9281914234161377
2013,0.95,0.8765034675598145
2014,0.95,0.8879765272140503
2015,0.05,0.14067751169204712
2016,0.5,0.4839833080768585
2017,0.5,0.6447067260742188
2018,0.95,0.8945859670639038
2019,0.05,0.24287480115890503
2020,0.05,0.043514978140592575
2021,0.95,0.9597272872924805
2022,0.5,0.25819873809814453
2023,0.5,0.5048422813415527
2024,0.5,0.40068233013153076
2025,0.95,0.8443788290023804
2026,0.05,0.09925663471221924
2027,0.5,0.42832499742507935
2028,0.05,0.06365716457366943
2029,0.05,0.04857845976948738
2030,0.95,0.9250825643539429
2031,0.95,0.958702802658081
2032,0.5,0.45336687564849854
2033,0.95,0.8662142753601074
2034,0.5,0.3889594078063965
2035,0.95,0.9422479271888733
2036,0.95,0.9103559851646423
2037,0.05,0.13319726288318634
2038,0.5,0.4594925045967102
2039,0.95,0.80427086353302
2040,0.95,0.9611600041389465
2041,0.05,0.2680586278438568
2042,0.5,0.3360110819339752
2043,0.5,0.5398298501968384
2044,0.5,0.7136216163635254
2045,0.5,0.12352541089057922
2046,0.95,0.9125507473945618
2047,0.5,0.532426118850708
2048,0.5,0.718694269657135
2049,0.95,0.9344454407691956
2050,0.5,0.3842935562133789
2051,0.05,0.10650242120027542
2052,0.95,0.906467854976654
2053,0.5,0.4529041647911072
2054,0.95,0.9180741906166077
2055,0.5,0.6364271640777588
2056,0.95,0.9640887975692749
2057,0.95,0.9427067637443542
2058,0.95,0.9252884984016418
2059,0.5,0.5217557549476624
2060,0.95,0.9355686902999878
2061,0.95,0.9039233922958374
2062,0.95,0.8992063403129578
2063,0.05,0.10163574665784836
2064,0.5,0.5469767451286316
2065,0.05,0.16049398481845856
2066,0.5,0.4896351993083954
2067,0.05,-0.014045896008610725
2068,0.5,0.6500625610351562
2069,0.5,0.4678919315338135
2070,0.05,-0.020027685910463333
2071,0.5,0.19141536951065063
2072,0.5,0.3400706648826599
2073,0.05,0.1944858282804489
2074,0.95,0.8711838722229004
2075,0.95,0.8960897326469421
2076,0.95,0.9414453506469727
2077,0.95,0.8869195580482483
2078,0.5,0.542890191078186
2079,0.05,0.17299549281597137
2080,0.5,0.5279176235198975
2081,0.95,0.9066459536552429
2082,0.95,0.9509496688842773
2083,0.05,0.26939478516578674
2084,0.5,0.4024546444416046
2085,0.95,0.9712957739830017
2086,0.5,0.5164511203765869
2087,0.05,0.07456846535205841
2088,0.95,0.9625663757324219
2089,0.95,0.8929747939109802
2090,0.95,0.9253658056259155
2091,0.95,0.8703336715698242
2092,0.5,0.3979617655277252
2093,0.5,0.42682716250419617
2094,0.95,0.9088561534881592
2095,0.5,0.6675093173980713
2096,0.95,0.9497061967849731
2097,0.05,0.15173618495464325
2098,0.95,0.7541619539260864
2099,0.05,0.13405591249465942
2100,0.5,0.5413288474082947
2101,0.95,0.9729952812194824
2102,0.95,0.9213724136352539
2103,0.95,0.8178097009658813
2104,0.5,0.439985454082489
2105,0.5,0.526614785194397
2106,0.5,0.44122153520584106
2107,0.5,0.31707489490509033
2108,0.05,0.19552847743034363
2109,0.95,0.9599162340164185
2110,0.95,0.8778805732727051
2111,0.05,0.04580581188201904
2112,0.05,0.11413328349590302
2113,0.95,0.6996684074401855
2114,0.95,0.9280284643173218
2115,0.05,0.21036019921302795
2116,0.5,0.5529481172561646
2117,0.5,0.6374051570892334
2118,0.95,0.9469841718673706
2119,0.5,0.6580357551574707
2120,0.05,0.36538317799568176
2121,0.5,0.4282379448413849
2122,0.05,0.1461292952299118
2123,0.5,0.5027369856834412
2124,0.95,0.9763157963752747
2125,0.5,0.7816014289855957
2126,0.5,0.3845522999763489
2127,0.95,0.9306756258010864
2128,0.95,0.8837505578994751
2129,0.5,0.5352689623832703
2130,0.5,0.4772014915943146
2131,0.95,0.9388866424560547
2132,0.05,0.027717266231775284
2133,0.05,0.04386141896247864
2134,0.95,0.9637184143066406
2135,0.95,0.9377737045288086
2136,0.05,0.41796863079071045
2137,0.95,0.9579248428344727
2138,0.95,0.8976879715919495
2139,0.95,0.7343344688415527
2140,0.5,0.3568844795227051
2141,0.05,0.1765596568584442
2142,0.5,0.3169461488723755
2143,0.95,0.933944821357727
2144,0.5,0.6069976687431335
2145,0.5,0.37857526540756226
2146,0.5,0.38354435563087463
2147,0.95,0.957191526889801
2148,0.5,0.4640589654445648
2149,0.95,0.9277849197387695
2150,0.5,0.6039633750915527
2151,0.95,0.9558683037757874
2152,0.95,0.6739497184753418
2153,0.5,0.34687334299087524
2154,0.95,0.9770603775978088
2155,0.05,0.1006479263305664
2156,0.5,0.20367346704006195
2157,0.5,0.20493093132972717
2158,0.5,0.43847090005874634
2159,0.5,0.22862881422042847
2160,0.5,0.3279508352279663
2161,0.95,0.9300594925880432
2162,0.5,0.23405517637729645
2163,0.05,0.6068875789642334
2164,0.05,0.15065911412239075
2165,0.95,0.959730863571167
2166,0.5,0.46028411388397217
2167,0.5,0.4190874695777893
2168,0.95,0.958008885383606
2169,0.95,0.9688382148742676
2170,0.95,0.8829972743988037
2171,0.95,0.8249428272247314
2172,0.5,0.4500049948692322
2173,0.5,0.5955703258514404
2174,0.5,0.33617207407951355
2175,0.5,0.5009493827819824
2176,0.95,0.9106899499893188
2177,0.95,0.9655729532241821
2178,0.95,0.929482638835907
2179,0.95,0.9356660842895508
2180,0.95,0.9071643948554993
2181,0.5,0.4538452625274658
2182,0.95,0.9541909694671631
2183,0.95,0.8565583229064941
2184,0.05,-0.009744086302816868
2185,0.5,0.6979255080223083
2186,0.95,0.9704635143280029
2187,0.95,0.8560579419136047
2188,0.5,0.6589218378067017
2189,0.05,0.2849782109260559
2190,0.95,0.9884904623031616
2191,0.95,0.9481720328330994
2192,0.95,0.9584122896194458
2193,0.5,0.7869439125061035
2194,0.5,0.3128929138183594
2195,0.95,0.8632384538650513
2196,0.95,0.9288228750228882
2197,0.95,0.9526987075805664
2198,0.5,0.5143253803253174
2199,0.5,0.4141908586025238
2200,0.5,0.5642658472061157
2201,0.5,0.527182936668396
2202,0.5,0.4768582582473755
2203,0.95,0.831395149230957
2204,0.95,0.9003129005432129
2205,0.5,0.482468843460083
2206,0.95,0.9122061729431152
2207,0.95,0.9310901761054993
2208,0.05,0.032401565462350845
2209,0.95,0.90654057264328
2210,0.95,0.9499574303627014
2211,0.95,0.9466047286987305
2212,0.05,0.3267250657081604
2213,0.5,0.43192964792251587
2214,0.5,0.5249139070510864
2215,0.5,0.5947167873382568
2216,0.05,0.21565598249435425
2217,0.5,0.5831139087677002
2218,0.95,0.9422719478607178
2219,0.95,0.9546335935592651
2220,0.5,0.2107725590467453
2221,0.95,0.9483541250228882
2222,0.5,0.2611991763114929
2223,0.05,0.03735492378473282
2224,0.95,0.869942307472229
2225,0.95,0.8286954760551453
2226,0.5,0.6068053245544434
2227,0.95,0.962527871131897
2228,0.95,0.8795795440673828
2229,0.95,0.9434065818786621
2230,0.05,-0.10702159255743027
2231,0.95,0.8753796815872192
2232,0.05,0.22698068618774414
2233,0.5,0.3964652419090271
2234,0.5,0.39942193031311035
2235,0.5,0.3955937623977661
2236,0.95,0.4995635151863098
2237,0.95,0.874360978603363
2238,0.95,0.9271490573883057
2239,0.5,0.2502121925354004
2240,0.05,-0.02775833196938038
2241,0.95,0.9743296504020691
2242,0.95,0.9340811371803284
2243,0.95,0.9809614419937134
2244,0.5,0.5095024108886719
2245,0.5,0.49008670449256897
2246,0.95,0.9225747585296631
2247,0.5,0.3215201497077942
2248,0.05,0.07563282549381256
2249,0.95,0.8447830080986023
2250,0.95,0.906761884689331
2251,0.95,0.903113842010498
2252,0.05,0.04490279406309128
2253,0.95,0.9417024254798889
2254,0.05,0.13383932411670685
2255,0.95,0.9519022703170776
2256,0.95,0.7772177457809448
2257,0.5,0.42013585567474365
2258,0.95,0.9502586126327515
2259,0.95,0.9361990690231323
2260,0.5,0.4211180508136749
2261,0.5,0.436311274766922
2262,0.95,0.9354871511459351
2263,0.5,0.43733400106430054
2264,0.05,0.03825465589761734
2265,0.95,0.9565868377685547
2266,0.05,0.0991242304444313
2267,0.5,0.6665129065513611
2268,0.5,0.6889129281044006
2269,0.05,-0.04434633627533913
2270,0.95,0.9345584511756897
2271,0.5,0.8080891370773315
2272,0.5,0.37466490268707275
2273,0.5,0.24272044003009796
2274,0.95,0.8945414423942566
2275,0.5,0.5834632515907288
2276,0.95,0.9339442253112793
2277,0.05,0.14126291871070862
2278,0.5,0.4078843593597412
2279,0.05,0.2524476647377014
2280,0.95,0.9019349217414856
2281,0.95,0.9474013447761536
2282,0.95,0.8869568705558777
2283,0.5,0.5113785266876221
2284,0.5,0.3105417490005493
2285,0.95,0.8882777690887451
2286,0.5,0.32664501667022705
2287,0.5,0.44582822918891907
2288,0.95,0.9434515237808228
2289,0.95,0.9299065470695496
2290,0.95,0.954410195350647
2291,0.05,0.28553763031959534
2292,0.95,0.9591048955917358
2293,0.95,0.9267429113388062
2294,0.5,0.4075048565864563
2295,0.5,0.648181676864624
2296,0.5,0.4077935218811035
2297,0.5,0.529987096786499
2298,0.5,0.7792957425117493
2299,0.5,0.4936578869819641
2300,0.95,0.9061307907104492
2301,0.5,0.46574971079826355
2302,0.05,0.07764612138271332
2303,0.5,0.3704235851764679
2304,0.95,0.8966886401176453
2305,0.95,0.9276862144470215
2306,0.95,0.9841011762619019
2307,0.95,0.9299193024635315
2308,0.95,0.875187873840332
2309,0.95,0.792159914970398
2310,0.95,0.967192530632019
2311,0.95,0.9426904320716858
2312,0.5,0.37788015604019165
2313,0.05,-0.00011530891060829163
2314,0.5,0.43292608857154846
2315,0.95,0.9054698944091797
2316,0.95,0.9581955671310425
2317,0.5,0.2853115200996399
2318,0.05,-0.020717177540063858
2319,0.95,0.8466463088989258
2320,0.5,0.5308613777160645
2321,0.05,0.0024592578411102295
2322,0.95,0.8315137624740601
2323,0.5,0.5811383724212646
2324,0.05,0.016589060425758362
2325,0.95,0.8887650966644287
2326,0.05,0.22780081629753113
2327,0.5,0.5149840116500854
2328,0.95,0.9754451513290405
2329,0.05,0.04370465874671936
2330,0.05,0.11063480377197266
2331,0.5,0.6648942232131958
2332,0.5,0.5153028964996338
2333,0.95,0.8973280787467957
2334,0.5,0.4293431341648102
2335,0.95,0.9670584797859192
2336,0.95,0.9101244211196899
2337,0.5,0.4330633878707886
2338,0.95,0.8714550733566284
2339,0.5,0.450914204120636
2340,0.95,0.9333721995353699
2341,0.5,0.36092615127563477
2342,0.95,0.9058785438537598
2343,0.05,-0.0035900846123695374
2344,0.5,0.4860517680644989
2345,0.5,0.6464653015136719
2346,0.95,0.9263325929641724
2347,0.5,0.3592289984226227
2348,0.95,0.9745203852653503
2349,0.5,0.2878258228302002
2350,0.95,0.9274548888206482
2351,0.5,0.3791968822479248
2352,0.95,0.8267364501953125
2353,0.05,0.16595624387264252
2354,0.95,0.927181601524353
2355,0.95,0.9251199960708618
2356,0.5,0.6528005599975586
2357,0.95,0.9392303228378296
2358,0.05,0.3652876317501068
2359,0.95,0.9588958024978638
2360,0.5,0.41513997316360474
2361,0.05,0.3958057165145874
2362,0.95,0.9098822474479675
2363,0.95,0.9716571569442749
2364,0.95,0.9049361348152161
2365,0.5,0.6011075377464294
2366,0.5,0.23191581666469574
2367,0.95,0.9324101209640503
2368,0.95,0.9407912492752075
2369,0.95,0.6855343580245972
2370,0.95,0.9768199920654297
2371,0.5,0.27258387207984924
2372,0.5,0.43104004859924316
2373,0.5,0.5415622591972351
2374,0.5,0.44869232177734375
2375,0.5,0.5535769462585449
2376,0.5,0.41762012243270874
2377,0.95,0.9730886220932007
2378,0.05,0.05935847759246826
2379,0.05,-0.10349289327859879
2380,0.95,0.8687559366226196
2381,0.5,0.5554227232933044
2382,0.95,0.8976500034332275
2383,0.05,0.2859407365322113
2384,0.05,0.0009914450347423553
2385,0.95,0.9762804508209229
2386,0.95,0.8343079090118408
2387,0.5,0.44087785482406616
2388,0.05,0.16170376539230347
2389,0.05,0.0943680927157402
2390,0.5,0.6959998607635498
2391,0.5,0.37939774990081787
2392,0.05,0.018850067630410194
2393,0.5,0.4807808995246887
2394,0.95,0.9481846690177917
2395,0.95,0.9655439853668213
2396,0.5,0.32965338230133057
2397,0.95,0.9437929391860962
2398,0.95,0.9226767420768738
2399,0.95,0.9273723363876343
2400,0.95,0.933274507522583
2401,0.05,0.0016937293112277985
2402,0.5,0.3617055118083954
2403,0.95,0.8765116333961487
2404,0.5,0.4246080219745636
2405,0.05,0.10371921956539154
2406,0.95,0.9612180590629578
2407,0.5,0.2629268765449524
2408,0.5,0.24152663350105286
2409,0.5,0.4166109561920166
2410,0.95,0.8959841728210449
2411,0.5,0.4962824285030365
2412,0.95,0.9551394581794739
2413,0.5,0.4357302784919739
2414,0.95,0.965472936630249
2415,0.05,0.1533328741788864
2416,0.5,0.6324622631072998
2417,0.05,-0.012963994406163692
2418,0.95,0.9726713299751282
2419,0.95,0.9070795178413391
2420,0.05,0.16754211485385895
2421,0.05,0.04727700352668762
2422,0.5,0.4343755543231964
2423,0.05,0.013718821108341217
2424,0.95,0.568816065788269
2425,0.05,0.01423921063542366
2426,0.05,0.1236971765756607
2427,0.95,0.9646066427230835
2428,0.05,0.065308578312397
2429,0.95,0.9591283798217773
2430,0.95,0.8277117013931274
2431,0.5,0.5296933650970459
2432,0.5,0.6627916097640991
2433,0.5,0.40877941250801086
2434,0.95,0.902788519859314
2435,0.95,0.919367790222168
2436,0.5,0.4703770577907562
2437,0.95,0.758225679397583
2438,0.5,0.44163256883621216
2439,0.5,0.5406386852264404
2440,0.95,0.9536479115486145
2441,0.5,0.44916075468063354
2442,0.95,0.9310609698295593
2443,0.95,0.9250026941299438
2444,0.05,0.39197757840156555
2445,0.95,0.9473671317100525
2446,0.5,0.37073516845703125
2447,0.95,0.9549547433853149
2448,0.95,0.9899517297744751
2449,0.95,0.8788876533508301
2450,0.95,0.8881478309631348
2451,0.95,0.9455854892730713
2452,0.5,0.7236577272415161
2453,0.5,0.20007018744945526
2454,0.95,0.9061679840087891
2455,0.5,0.3666483163833618
2456,0.5,0.48493242263793945
2457,0.5,0.5308730602264404
2458,0.05,-0.02459736540913582
2459,0.5,0.4923974871635437
2460,0.5,0.3718012869358063
2461,0.05,0.226287841796875
2462,0.95,0.9757728576660156
2463,0.95,0.9348688125610352
2464,0.95,0.9493618607521057
2465,0.5,0.6417225003242493
2466,0.5,0.37720927596092224
2467,0.95,0.9204075336456299
2468,0.5,0.38144928216934204
2469,0.05,0.1740402728319168
2470,0.5,0.4817515015602112
2471,0.05,0.1168438121676445
2472,0.5,0.5066899061203003
2473,0.05,0.3750849962234497
2474,0.05,0.13234564661979675
2475,0.95,0.9581187963485718
2476,0.05,0.3232930898666382
2477,0.05,0.3202022314071655
2478,0.95,0.9672122001647949
2479,0.5,0.6447256803512573
2480,0.5,0.3655593991279602
2481,0.95,0.936872124671936
2482,0.5,0.21437160670757294
2483,0.5,0.6360474228858948
2484,0.5,0.6642898917198181
2485,0.5,0.5853776931762695
2486,0.95,0.9245045185089111
2487,0.05,0.5124602317810059
2488,0.95,0.8379685878753662
2489,0.95,0.889940619468689
2490,0.95,0.9678301215171814
2491,0.95,0.8987277150154114
2492,0.5,0.484446257352829
2493,0.05,0.01329796388745308
2494,0.05,0.04026942700147629
2495,0.5,0.5914034843444824
2496,0.5,0.3977125883102417
2497,0.95,0.9521504640579224
2498,0.05,0.1427665650844574
2499,0.95,0.9370682239532471
